;D'BALE CHICKEN;BOBA EMPIRIS;ANGKRINGAN BU MUNARTI;ANGKRINGAN PRAYOGO (BS3218);ANGKRINGAN OJO LALI PAK YANTO (BM4079);KOLING (BM4048);RM PADANG LANGGENG MULYA;LESEHAN MAK MI;WULENPARI;RM LANGGENG TIMUR (BM4055);ANGKRINGAN TOP;BAKWAN KAWI LEK SOMAT;WARUNG MAKAN BAROKAH;Mi ayam bakso Dan ketoprak gunungkidul SIDA LARIS SAMBIPITU;MIE AYAM & BAKSO PAK ARIF SAMBI 7;Mie Ayam Bakso Tan Sumur. MBS. Pak TUPARMAN;Angkringan Mas Kirun;ANGKRINGAN MBAK RETNO;ANGKRINGAN JEMBATAN;BOBA YOU AND ME;BOBA SEPARUH HATI 1;Bakso OMAH NDELIK;RM NGALANG;MIE AYAM & DEGAN;ANGKRINGAN BU TUMINI;SRC WINDARTI;Kopi Wono Angkringan Mbah Dullah;RUMAH MAKAN PADANG BAROKAH;MIE AYAM KD (BS);"Warung Bakso Mie Ayam ""Bu Wakir""";RM Padang Tuah Saiyo;Es degan depan lapangan terbang gading;"Rumah Makan Padang Pak Toha
";Angkringan Pak Agus;Soto Ayam Tan Proyek;Soto Tan Proyek Mbah Lurah (Pusat);Warung Simbok;OMAHENA;Es Guppy #2;WARKOP MAS BROW;Rumah Makan Nasi Padang Giwangan;WARIMIN (BL3036);Angkringan Kang Parjo;ANGKRINGAN DELLA JC;ANGKRINGAN JC (BS);Lesehan Layah Kembar Garden;Angkringan Mbak Yuni pasar pitek;Sop Buntut dan Soto SARPRING;AD~ Angkringan Deso;SATE KAMBING LEDOKSARI;ANGKRINGAN TBY;Wadek Angkringan;Mie Ayam Dan Bakso Barokah Pak Eko;BAKSO LIK MAN;SOTO PAK ANTON;ES KELAPA MUDA BU YATMI;BOBA SEPARUH HATI 2;OMA THAI TEA;WARUNG LESEHAN SUGARNI;LESEHAN KHAS SOLO MBAH BAGONG 2;Bakso & Soto Pak Wariyun;Panda Asian Food;MIE AYAM MAS BAGONG;Es Guppy19;ES GUPPY KSATRIAN (BL4016);Toko GREEN POINT;POP ICE CERIA;RM PADANG JINGGLANG;Bakso,soto & Mie Ayam Pak Wariyun;D TEKO (BL4059);Yogya Chicken;Mrikiniki Angkringan And Gallery;KA MILK TEA;Tom and Jelly Baleharjo;Warung Makan Mbak Eny;Mie Ayam Bakso Pak Muji;Sambel Mentah P-3 Joyo Tamwiskul Dhaksinarga;PAWON DUREN (BM);LESEHAN MBOK IYEM;Rumah Makan Sederhana;KEDAI WOLU (BM5018);BAKSO DAN SOTO BETAWI SARI RASA;JELLY POTTER SEMANU;Candu Bobamilk II;Rumah Tempe Gunung Kidul;PUTRA JUICE;LOTEK IBU KUS;Taman Kuliner Wonosari;Warjo Gundul;RESTO RAKYAT REMEN TEMEN;Duren Naraya;KAWAII KEDAI ES BUAH;Pondok Ikan Bakar Bu Shintia;Kalahari resto & cafe;Serba Sambal Logandeng;MIE AYAM DAN BAKSO BAROKAH;KEDAI SANGKARA;SEL SEL Gunungkidul;JELLY POTTER PIYAMAN;Run&Run Signature Drink Gunungkidul;Aruna Hotel;LESEHAN GELAGAH SARI;Serba Es SS;Limas nDe_Piss;HeHa Sky View;DEPOT NASIONAL;9 DEPOT MAMAN;9 DEPOT BENING;9 DEPOT DANURI;9 DEPOT CANDRA;9 CITRA AGUS SALIM WONOSARI;9 CITRA WONOSARI;9 CITRA ALFA AGUS SALIM WONOSARI
D'BALE CHICKEN;0.0;44.5;1089.0;3370.9;24588.1;24477.8;7279.3;7558.3;12694.0;41904.7;12927.4;24940.6;23285.8;13149.5;14596.3;13393.7;21486.1;28353.9;25287.3;22789.3;24142.2;1271.5;16817.1;16695.8;21976.7;21945.4;20327.3;41563.4;41423.7;17925.3;28458.0;18266.2;23904.4;18561.2;20574.8;21092.2;20129.1;21645.8;25841.4;6190.9;23305.8;43992.1;23988.4;24527.1;24135.0;26621.4;25039.5;25094.0;23743.0;24399.6;24235.1;23982.9;812.0;16476.3;28357.7;25876.5;24139.7;26728.4;26785.5;27235.5;26905.7;25672.5;26122.0;26102.1;25842.9;25763.5;28078.7;25907.2;27601.8;26519.2;26460.0;26263.6;25817.0;28847.4;27211.7;27107.8;27970.8;36308.4;28219.1;25603.9;33301.7;27806.7;33494.7;29988.3;23577.5;26426.4;24573.8;25581.0;23506.7;23897.1;25583.0;20259.8;19658.4;25571.5;27478.0;24058.1;23661.2;26038.2;28325.2;25388.8;35668.5;23461.8;26921.5;27540.5;5194.5;24940.3;24940.3;24940.3;24940.3;24940.3;24940.3;24940.3;24940.3
BOBA EMPIRIS;44.5;0.0;1044.5;3326.4;24543.6;24433.3;7234.8;7513.9;12649.5;41860.2;12882.9;24896.1;23241.3;13105.0;14551.8;13349.2;21441.6;28309.4;25242.8;22744.8;24097.7;1227.0;16772.6;16651.3;21932.2;21900.9;20282.8;41518.9;41379.2;17880.8;28413.5;18221.7;23859.9;18516.7;20530.3;21047.7;20084.6;21601.3;25796.9;6146.4;23261.3;43947.6;23943.9;24482.7;24090.5;26576.9;24995.0;25049.5;23698.5;24355.1;24190.6;23938.4;767.5;16431.9;28313.2;25832.0;24095.2;26684.0;26741.0;27191.0;26861.2;25628.1;26077.5;26057.6;25798.4;25719.0;28034.2;25862.7;27557.3;26474.7;26415.5;26219.1;25772.5;28802.9;27167.2;27063.3;27926.3;36263.9;28174.6;25559.4;33257.2;27762.2;33450.2;29943.8;23533.0;26381.9;24529.3;25536.5;23462.2;23852.6;25538.5;20215.3;19613.9;25527.0;27433.5;24013.7;23616.7;25993.8;28280.7;25344.3;35624.0;23417.3;26877.0;27496.0;5150.0;24895.8;24895.8;24895.8;24895.8;24895.8;24895.8;24895.8;24895.8
ANGKRINGAN BU MUNARTI;1089.0;1044.5;0.0;2281.9;23499.1;23388.8;6190.3;6469.4;11605.0;40815.7;11838.4;23851.7;22196.8;12060.5;13507.3;12304.7;20397.1;27264.9;24198.3;21700.3;23053.3;867.2;15728.1;15606.8;20887.7;20856.4;19238.3;40474.4;40334.7;16836.3;27369.0;17177.2;22815.4;17472.2;19485.8;20003.2;19040.1;20556.8;24752.4;5102.0;22216.8;42903.1;22899.5;23438.2;23046.0;25532.4;23950.5;24005.0;22654.1;23310.6;23146.1;22894.0;407.7;16072.0;27268.7;24787.5;23050.7;25639.5;25696.5;26146.6;25816.7;24583.6;25033.0;25013.1;24753.9;24674.5;26989.7;24818.2;26512.8;25430.3;25371.0;25174.6;24728.0;27758.4;26122.7;26018.8;26881.8;35219.4;27130.1;24515.0;32212.7;26717.7;32405.7;28899.3;22488.5;25337.4;23484.8;24492.0;22417.7;22808.1;24494.0;19170.8;18569.4;24482.5;26389.0;22969.2;22572.2;24949.3;27236.3;24299.9;34579.5;22372.8;25832.5;26451.6;4105.5;23851.3;23851.3;23851.3;23851.3;23851.3;23851.3;23851.3;23851.3
ANGKRINGAN PRAYOGO (BS3218);3372.7;3328.2;2283.8;0.0;21217.2;21106.9;3908.4;4187.4;9323.1;38533.7;9556.5;21569.7;19914.9;9778.6;11225.4;10022.8;18115.2;24983.0;21916.4;19418.4;20771.3;3150.9;13446.2;13324.9;18605.8;18574.5;16956.4;38192.4;38052.8;14554.4;25087.1;14895.3;20533.5;15190.3;17203.9;17721.3;16758.2;18274.9;22470.5;2820.0;19934.9;40621.2;20617.5;21156.2;20764.0;23250.5;21668.6;21723.1;20372.1;21028.7;20864.2;20612.0;2691.4;18355.8;24986.8;22505.6;20768.8;23357.5;23414.6;23864.6;23534.8;22301.6;22751.1;22731.2;22472.0;22392.6;24707.8;22536.3;24230.9;23148.3;23089.1;22892.6;22446.1;25476.5;23840.8;23736.8;24599.9;32937.5;24848.1;22233.0;29930.8;24435.8;30123.7;26617.4;20206.6;23055.5;21202.9;22210.1;20135.8;20526.2;22212.1;16888.9;16287.5;22200.5;24107.1;20687.2;20290.3;22667.3;24954.3;22017.9;32297.6;20090.9;23550.6;24169.6;1823.6;21569.4;21569.4;21569.4;21569.4;21569.4;21569.4;21569.4;21569.4
ANGKRINGAN OJO LALI PAK YANTO (BM4079);24613.7;24569.2;23524.7;21240.9;0.0;124.1;17314.9;17035.9;16157.3;18289.5;11666.9;8962.0;1337.9;11444.7;12663.7;11461.2;9309.2;4738.7;1672.2;18425.9;6154.2;24391.9;14884.6;14763.3;10639.4;10608.1;8990.1;17948.2;17808.5;6665.4;4842.9;6324.5;683.7;6029.5;4015.9;3498.5;4461.6;3695.5;2226.2;21460.1;1282.3;20376.9;2439.0;2101.8;1772.2;3006.2;1424.4;1478.9;2193.6;784.5;619.9;2119.5;23932.4;39596.7;2437.0;2261.3;6156.7;3113.3;3170.3;3620.4;3290.5;2057.4;2506.8;2486.9;2227.7;2148.4;4463.6;2292.1;3986.6;2904.1;2844.8;2648.4;2201.9;5232.3;3596.6;3492.6;4355.6;12693.2;4603.9;1988.8;9686.6;4191.6;9879.5;6373.1;1010.6;2811.2;958.7;1965.8;3401.6;691.0;1967.8;4426.5;4932.3;1956.3;3862.9;529.9;2111.8;2423.1;2469.5;1773.7;12053.4;1126.3;3306.4;3925.4;20463.7;1325.1;1325.1;1325.1;1325.1;1325.1;1325.1;1325.1;1325.1
KOLING (BM4048);24503.4;24458.9;23414.4;21130.6;124.1;0.0;17204.6;16925.6;16047.0;18125.4;11556.6;8851.7;1227.6;11334.4;12553.5;11350.9;9198.9;4574.6;1508.0;18315.6;5990.0;24281.6;14774.3;14653.0;10529.2;10497.8;8879.8;17784.1;17644.4;6555.1;4678.7;6214.2;573.4;5919.2;3905.6;3388.2;4351.3;3585.2;2062.1;21349.8;1172.0;20212.8;2328.7;1937.7;1515.9;2842.1;1260.2;1314.7;2083.3;620.3;513.3;2009.2;23822.1;39486.4;2446.3;2097.2;5992.6;2949.1;3006.2;3456.2;3126.4;1893.3;2342.7;2322.8;2063.6;1984.2;4299.4;2127.9;3822.5;2739.9;2680.7;2484.3;2037.7;5068.1;3432.4;3328.5;4191.5;12529.1;4439.8;1824.6;9522.4;4027.4;9715.4;6209.0;900.3;2647.1;794.5;1801.7;3291.3;580.7;1803.7;4316.2;4822.0;1792.2;3698.7;690.2;2001.5;2258.9;2478.7;1609.5;11889.2;1016.0;3142.2;3761.2;20353.4;1161.0;1161.0;1161.0;1161.0;1161.0;1161.0;1161.0;1161.0
RM PADANG LANGGENG MULYA;7298.7;7254.3;6209.8;3926.0;17308.8;17198.5;0.0;279.0;5414.7;34625.3;5648.1;17661.3;16006.5;5870.2;7317.0;6114.4;14206.8;21074.6;18008.0;15510.0;16862.9;7076.9;9537.8;9416.5;14697.4;14666.1;13048.0;34284.0;34144.4;10646.0;21178.7;10986.9;16625.1;11281.9;13295.5;13812.9;12849.8;14366.5;18562.1;4145.2;16026.5;36712.8;16709.1;17247.8;16855.6;19342.1;17760.2;17814.7;16463.7;17120.3;16955.8;16703.6;6617.5;22281.8;21078.4;18597.2;16860.4;19449.1;19506.2;19956.2;19626.4;18393.2;18842.7;18822.8;18563.6;18484.2;20799.4;18627.9;20322.5;19239.9;19180.7;18984.2;18537.7;21568.1;19932.4;19828.4;20691.5;29029.1;20939.7;18324.6;26022.4;20527.4;26215.3;22709.0;16298.2;19147.1;17294.5;18301.7;16227.4;16617.8;18303.7;12980.5;12379.1;18292.1;20198.7;16778.8;16381.9;18758.9;21045.9;18109.5;28389.2;16182.5;19642.2;20261.2;3148.8;17661.0;17661.0;17661.0;17661.0;17661.0;17661.0;17661.0;17661.0
LESEHAN MAK MI;7577.8;7533.3;6488.8;4205.1;17029.7;16919.4;279.0;0.0;5135.6;34346.3;5369.0;17382.3;15727.5;5591.2;7037.9;5835.4;13927.7;20795.5;17728.9;15231.0;16583.9;7356.0;9258.7;9137.4;14418.4;14387.0;12769.0;34005.0;33865.3;10367.0;20899.7;10707.8;16346.0;11002.8;13016.4;13533.9;12570.8;14087.5;18283.0;4424.3;15747.5;36433.7;16430.1;16968.8;16576.6;19063.0;17481.2;17535.7;16184.7;16841.3;16676.7;16424.6;6896.5;22560.8;20799.3;18318.1;16581.3;19170.1;19227.1;19677.2;19347.3;18114.2;18563.6;18543.7;18284.5;18205.2;20520.4;18348.8;20043.4;18960.9;18901.6;18705.2;18258.6;21289.1;19653.3;19549.4;20412.4;28750.0;20660.7;18045.6;25743.4;20248.4;25936.3;22429.9;16019.1;18868.0;17015.5;18022.6;15948.3;16338.7;18024.6;12701.4;12100.0;18013.1;19919.7;16499.8;16102.9;18479.9;20766.9;17830.5;28110.2;15903.4;19363.2;19982.2;3427.8;17381.9;17381.9;17381.9;17381.9;17381.9;17381.9;17381.9;17381.9
WULENPARI;11423.9;11379.5;10335.0;8051.2;16151.1;16040.8;4125.2;3846.2;0.0;33467.7;4490.4;16503.7;14848.9;4712.6;6159.3;4956.7;13049.1;19916.9;16850.3;14352.4;15705.3;11202.1;8380.1;8258.8;13539.8;13508.4;11890.4;33126.4;32986.7;9488.3;20021.1;9829.2;15467.4;10124.2;12137.8;12655.3;11692.2;13208.9;17404.4;7271.8;14868.8;35555.1;15551.5;16090.2;15698.0;18184.4;16602.6;16657.1;15306.1;15962.7;15798.1;15546.0;10742.7;26407.0;19920.7;17439.5;15702.7;18291.5;18348.5;18798.6;18468.7;17235.6;17685.0;17665.1;17405.9;17326.6;19641.8;17470.2;19164.8;18082.3;18023.0;17826.6;17380.0;20410.5;18774.7;18670.8;19533.8;27871.4;19782.1;17167.0;24864.7;19369.7;25057.7;21551.3;15140.5;17989.4;16136.8;17144.0;15069.7;15460.1;17146.0;11822.8;11221.4;17134.5;19041.1;15621.2;15224.3;17601.3;19888.3;16951.9;27231.6;15024.8;18484.6;19103.6;6275.4;16503.3;16503.3;16503.3;16503.3;16503.3;16503.3;16503.3;16503.3
RM LANGGENG TIMUR (BM4055);41184.0;41139.5;40095.1;37811.3;17543.3;17379.2;33885.3;33606.3;32727.6;0.0;28237.2;22256.7;17908.3;28015.1;29234.1;28031.6;25879.6;13550.6;15871.2;34996.3;20204.6;40962.2;31455.0;31333.6;27209.8;27178.5;25560.4;12039.9;11900.2;23235.8;13446.4;22894.9;17254.1;22599.9;20586.3;20068.8;21031.9;20265.9;15976.2;38030.5;17852.7;8828.6;19009.4;17534.0;17550.9;16574.5;16505.8;16560.3;18764.0;16758.9;16923.4;18689.9;40502.7;56167.1;18793.0;15907.0;20207.2;15176.0;15119.0;15258.7;15269.9;16107.9;16557.3;15919.0;15977.7;16198.8;14012.4;16014.6;11818.4;15883.9;15526.5;15476.4;15951.9;13057.0;15234.9;15130.9;12445.8;24331.5;18654.4;15634.5;8872.0;14097.8;8410.0;18011.4;17581.0;15402.7;16584.7;16033.6;19972.0;17261.4;16031.6;20996.9;21502.7;16679.3;15501.2;17100.3;18682.2;16173.1;18760.5;16322.8;6236.1;17696.7;15285.8;17975.8;37034.1;16225.0;16225.0;16225.0;16225.0;16225.0;16225.0;16225.0;16225.0
ANGKRINGAN TOP;12946.8;12902.3;11857.8;9574.1;11660.7;11550.4;5648.1;5369.0;4490.4;28977.3;0.0;12013.3;10358.4;222.2;1668.9;466.3;8558.7;15426.5;12359.9;9861.9;11214.9;12725.0;3889.7;3768.4;9049.4;9018.0;7400.0;28636.0;28496.3;4997.9;15530.7;5338.8;10977.0;5633.8;7647.4;8164.9;7201.8;8718.5;12914.0;9793.3;10378.4;31064.7;11061.1;11599.8;11207.6;13694.0;12112.1;12166.7;10815.7;11472.2;11307.7;11055.6;12265.5;27929.8;15430.3;12949.1;11212.3;13801.1;13858.1;14308.2;13978.3;12745.2;13194.6;13174.7;12915.5;12836.2;15151.4;12979.8;14674.4;13591.9;13532.6;13336.2;12889.6;15920.1;14284.3;14180.4;15043.4;23381.0;15291.7;12676.6;20374.3;14879.3;20567.3;17060.9;10650.1;13499.0;11646.4;12653.6;10579.3;10969.7;12655.6;7332.4;6731.0;12644.1;14550.7;11130.8;10733.9;13110.9;15397.9;12461.5;22741.1;10534.4;13994.2;14613.2;8796.9;12012.9;12012.9;12012.9;12012.9;12012.9;12012.9;12012.9;12012.9
BAKWAN KAWI LEK SOMAT;24963.6;24919.1;23874.6;21590.9;8942.3;8832.0;17664.9;17385.8;16507.2;22133.1;12016.8;0.0;7640.0;11794.6;13013.7;11811.1;5582.1;8582.3;9641.5;18775.8;14123.5;24741.8;15234.5;15113.2;10989.4;10958.0;9340.0;25917.5;25777.9;7015.3;8686.5;6674.5;8258.5;6734.2;8747.8;9265.3;8302.2;9818.9;6280.4;21810.1;7660.0;24220.5;6523.0;6146.3;8489.1;5770.0;9393.7;9448.2;6768.4;8753.8;8589.3;8337.1;24282.3;39946.6;12711.9;10230.7;14126.0;7399.8;7342.7;6970.8;7493.7;10026.7;10476.2;10456.2;6303.4;10117.7;8307.2;10261.4;11955.9;10873.4;10814.2;10617.7;6304.8;9075.9;6907.1;7011.1;12325.0;14893.1;12573.2;9958.1;13530.2;8035.2;13723.1;8642.4;7931.6;6739.2;8928.0;9935.2;5560.4;8251.3;9937.2;8432.8;7831.4;6188.2;7213.3;8412.3;6850.2;6083.6;12679.4;9743.0;15897.0;7816.0;7509.5;11894.7;20813.7;9294.5;9294.5;9294.5;9294.5;9294.5;9294.5;9294.5;9294.5
WARUNG MAKAN BAROKAH;23275.7;23231.2;22186.8;19903.0;1478.3;1368.0;15977.0;15697.9;14819.3;18794.9;10328.9;7624.1;0.0;10106.8;11325.8;10123.3;7971.3;5244.1;2177.5;17088.0;6659.6;23053.9;13546.7;13425.3;9301.5;9270.2;7652.1;18453.6;18313.9;5327.5;5348.3;4986.6;794.6;4691.6;2678.0;2160.5;3123.6;2357.6;2731.6;20122.2;196.0;20882.3;1101.1;1417.4;1025.2;3511.6;1929.8;1984.3;855.7;1289.9;1125.3;781.6;22594.4;38258.8;5247.9;2766.7;6662.1;3618.7;3675.7;4125.8;3795.9;2562.8;3012.2;2992.3;2733.1;2653.8;4969.0;2797.4;4492.0;3409.5;3350.2;3153.8;2707.2;5737.7;4101.9;3998.0;4861.0;13198.6;5109.3;2494.2;10191.9;4696.9;10384.9;6878.5;467.7;3316.6;1464.0;2471.2;2063.7;787.3;2473.2;3088.6;3594.4;2461.7;4368.3;948.4;773.9;2928.5;5215.5;2279.1;12558.8;352.0;3811.8;4430.8;19125.8;1830.5;1830.5;1830.5;1830.5;1830.5;1830.5;1830.5;1830.5
Mi ayam bakso Dan ketoprak gunungkidul SIDA LARIS SAMBIPITU;13169.0;13124.5;12080.0;9796.2;11438.6;11328.3;5870.2;5591.2;4712.6;28755.1;222.2;11791.1;10136.3;0.0;1446.7;244.2;8336.6;15204.4;12137.8;9639.8;10992.7;12947.2;3667.6;3546.3;8827.2;8795.8;7177.8;28413.8;28274.2;4775.8;15308.5;5116.7;10754.8;5411.6;7425.2;7942.7;6979.6;8496.3;12691.8;10015.4;10156.3;30842.6;10838.9;11377.6;10985.4;13471.8;11890.0;11944.5;10593.5;11250.1;11085.6;10833.4;12487.7;28152.0;15208.2;12727.0;10990.2;13578.9;13636.0;14086.0;13756.1;12523.0;12972.5;12952.6;12693.3;12614.0;14929.2;12757.7;14452.3;13369.7;13310.5;13114.0;12667.5;15697.9;14062.2;13958.2;14821.3;23158.8;15069.5;12454.4;20152.2;14657.2;20345.1;16838.8;10427.9;13276.8;11424.3;12431.5;10357.2;10747.6;12433.5;7110.3;6508.9;12421.9;14328.5;10908.6;10511.7;12888.7;15175.7;12239.3;22519.0;10312.3;13772.0;14391.0;9019.0;11790.8;11790.8;11790.8;11790.8;11790.8;11790.8;11790.8;11790.8
MIE AYAM & BAKSO PAK ARIF SAMBI 7;14615.7;14571.2;13526.7;11243.0;12657.6;12547.3;7317.0;7037.9;6159.3;29974.2;1668.9;13010.2;11355.3;1446.7;0.0;1407.6;9555.6;16423.4;13356.8;8619.5;12211.8;14393.9;4830.9;4709.6;7534.2;7565.5;8396.9;29632.9;29493.2;5994.8;16527.6;6335.7;11973.9;6630.7;8644.3;9161.8;8198.6;9715.3;13910.9;11462.2;11375.3;32061.6;12058.0;12596.7;12204.5;14690.9;13109.0;13163.5;11812.6;12469.1;12304.6;12052.5;13934.4;29598.7;16427.2;13946.0;12209.2;14798.0;14855.0;15305.1;14975.2;13742.1;14191.5;14171.6;13912.4;13833.0;16148.3;13976.7;15671.3;14588.8;14529.5;14333.1;13886.5;16917.0;15281.2;15177.3;16040.3;24377.9;16288.6;13673.5;21371.2;15876.2;21564.2;18057.8;11647.0;14495.9;12643.3;13650.5;11576.2;11966.6;13652.5;8329.3;7727.9;13641.0;15547.5;12127.7;11730.8;14107.8;16394.8;13458.4;23738.0;11531.3;14991.1;15610.1;10465.8;13009.8;13009.8;13009.8;13009.8;13009.8;13009.8;13009.8;13009.8
Mie Ayam Bakso Tan Sumur. MBS. Pak TUPARMAN;13413.1;13368.6;12324.2;10040.4;11455.0;11344.8;6114.4;5835.4;4956.7;28771.6;466.3;11807.6;10152.8;244.2;1407.6;0.0;8353.0;15220.8;12154.3;9395.6;11009.2;13191.3;3423.4;3302.1;7015.9;7047.3;7194.3;28430.3;28290.7;4792.3;15325.0;5133.1;10771.3;5428.1;7441.7;7959.2;6996.1;8512.8;12708.3;10259.6;10172.8;30859.0;10855.4;11394.1;11001.9;13488.3;11906.5;11961.0;10610.0;11266.6;11102.1;10849.9;12731.8;28396.2;15224.7;12743.4;11006.6;13595.4;13652.5;14102.5;13772.6;12539.5;12989.0;12969.0;12709.8;12630.5;14945.7;12774.2;14468.7;13386.2;13326.9;13130.5;12684.0;15714.4;14078.7;13974.7;14837.7;23175.3;15086.0;12470.9;20168.7;14673.7;20361.6;16855.2;10444.4;13293.3;11440.8;12447.9;10373.7;10764.1;12449.9;7126.8;6525.3;12438.4;14345.0;10925.1;10528.2;12905.2;15192.2;12255.8;22535.5;10328.8;13788.5;14407.5;9263.2;11807.2;11807.2;11807.2;11807.2;11807.2;11807.2;11807.2;11807.2
Angkringan Mas Kirun;21509.1;21464.6;20420.1;18136.3;9306.6;9196.3;14210.3;13931.3;13052.7;26623.2;8562.3;5582.1;8004.3;8340.1;9559.1;8356.6;0.0;13072.4;10005.8;15321.3;9700.4;21287.3;11780.0;11658.7;7534.8;7503.5;5885.5;26281.9;26142.2;3560.8;13176.5;3219.9;8622.9;3279.7;5293.3;5810.7;4847.6;6364.3;10559.9;18355.5;8024.3;28710.6;5110.8;9245.6;8853.5;11339.9;9758.0;9812.5;5356.2;9118.1;8953.6;8701.4;20827.8;36492.1;13076.2;10595.0;9697.8;11447.0;11504.0;11954.0;11624.2;10391.1;10840.5;10820.6;10561.4;10482.0;12797.2;10625.7;12320.3;11237.7;11178.5;10982.1;10535.5;13565.9;11930.2;11826.3;12689.3;21026.9;12937.6;10322.4;18020.2;12525.2;18213.2;14706.8;8296.0;11144.9;9292.3;10299.5;4148.2;8615.6;10301.5;4978.3;4376.9;10290.0;12196.5;8776.7;5438.0;10756.7;13043.7;10107.3;20387.0;8180.3;11640.0;12259.0;17359.1;9658.8;9658.8;9658.8;9658.8;9658.8;9658.8;9658.8;9658.8
ANGKRINGAN MBAK RETNO;27633.4;27589.0;26544.5;24260.7;3992.7;3828.6;20334.7;20055.7;19177.1;13550.8;14686.6;8706.1;4357.7;14464.5;15683.5;14481.0;12329.0;0.0;2320.6;21445.7;6654.0;27411.6;17904.4;17783.1;13659.2;13627.9;12009.9;17711.6;17572.0;9685.2;104.1;9344.3;3703.5;9049.3;7035.7;6518.3;7481.4;6715.3;2425.6;24479.9;4302.1;15638.2;5458.8;3983.4;4000.3;3023.9;2955.2;3009.7;5213.4;3208.3;3372.8;5139.3;26952.2;42616.5;5242.4;2356.4;6656.6;1625.4;1568.4;1708.1;1719.3;2557.3;3006.7;2368.4;2427.1;2648.2;461.8;2464.0;3655.7;2333.3;1975.9;1925.9;2401.3;493.5;1684.3;1580.3;1423.2;10780.9;5103.8;2083.9;4947.8;547.2;5140.8;4460.8;4030.4;1852.2;3034.1;2483.0;6421.4;3710.8;2481.0;7446.3;7952.1;3128.7;1950.6;3549.7;5131.6;2622.5;5210.0;2772.2;7314.6;4146.1;1735.2;4425.3;23483.5;2674.4;2674.4;2674.4;2674.4;2674.4;2674.4;2674.4;2674.4
ANGKRINGAN JEMBATAN;25312.9;25268.4;24223.9;21940.1;1672.2;1508.0;18014.1;17735.1;16856.5;16524.0;12366.1;9661.2;2037.1;12143.9;13363.0;12160.4;10008.4;2973.2;0.0;19125.1;4886.8;25091.1;15583.8;15462.5;11338.7;11307.3;9689.3;16680.8;16541.2;7364.6;3077.4;7023.7;1382.9;6728.7;4715.1;4197.7;5160.8;4394.7;554.1;22159.4;1981.5;18611.4;3138.2;1662.9;1679.7;1584.7;634.6;689.2;2892.8;887.7;1052.2;2818.7;24631.6;40295.9;3475.2;589.2;4889.3;1347.8;1404.9;1854.9;1525.0;790.0;1239.5;1219.6;555.6;881.0;2698.1;1024.7;2719.3;1636.7;1079.3;976.3;529.7;3466.8;1831.1;1727.1;3088.3;10927.7;3336.5;316.6;7921.1;2426.1;8114.0;4607.6;1709.8;1139.1;713.5;469.1;4100.8;1390.2;467.1;5125.7;5631.5;1517.3;2097.4;1229.2;2811.0;750.9;3442.7;984.0;10287.9;1825.5;1540.9;2658.0;21162.9;353.8;353.8;353.8;353.8;353.8;353.8;353.8;353.8
BOBA YOU AND ME;22808.7;22764.3;21719.8;19436.0;18423.3;18313.0;15510.0;15231.0;14352.4;35739.9;9861.9;18775.8;17121.0;9639.8;8619.5;9395.6;15321.3;22189.1;19122.5;0.0;14219.3;22586.9;7373.8;6646.0;7786.4;7817.8;10404.4;19784.5;19924.1;11837.9;22293.2;12101.4;17739.6;12396.4;14410.0;14927.4;13964.3;15481.0;19676.6;19655.2;17141.0;37827.3;17823.7;18362.4;17970.2;20456.6;18874.7;18929.2;17578.3;18234.8;18070.3;17818.2;22127.5;37791.8;16276.4;19711.7;14216.8;20563.7;20620.7;21070.8;20740.9;19507.8;19957.2;19937.3;19678.1;19598.7;21913.9;19742.4;21437.0;20354.5;20295.2;20098.8;19652.2;22682.6;21046.9;20943.0;21806.0;30143.6;16137.8;19439.2;27136.9;21641.9;27329.9;23823.5;17412.7;20261.6;18409.0;19416.2;17341.9;17732.3;19418.2;14095.0;13493.6;19406.7;21313.2;17893.4;17496.4;19873.5;16244.0;19224.1;29503.7;17297.0;20756.7;16503.5;18658.8;18775.5;18775.5;18775.5;18775.5;18775.5;18775.5;18775.5;18775.5
BOBA SEPARUH HATI 1;24165.2;24120.7;23076.2;20792.5;6154.2;5990.0;16866.5;16587.4;15708.8;20397.6;11218.4;14143.2;6519.2;10996.2;12215.3;11012.7;9700.4;6846.8;4875.5;14219.3;0.0;23943.4;10065.7;10146.8;6432.9;6401.5;3814.9;20056.3;19916.6;6216.9;6951.0;6480.5;5864.9;6775.4;9197.1;8679.7;9642.8;8876.8;4980.5;21011.7;6463.5;22485.0;7620.3;6144.9;6161.7;6011.1;4729.8;4836.1;7374.9;5369.7;5534.2;3903.6;23483.9;39148.2;2057.1;4481.1;2.6;5221.4;5278.4;5728.5;5398.6;4096.8;3647.3;4595.0;4982.0;4033.3;6571.7;4400.2;6094.7;5012.2;4952.9;5042.3;4956.2;7340.4;5704.7;5600.7;6463.7;14801.3;1918.4;4558.8;11794.7;6299.7;11987.6;8481.2;6191.8;5872.6;5195.5;4408.7;8582.8;5872.2;4410.7;9607.8;10113.5;5683.6;5971.0;5711.2;7293.0;5177.4;2024.6;4380.5;14161.5;6307.5;5414.5;2284.1;20015.3;5017.4;5017.4;5017.4;5017.4;5017.4;5017.4;5017.4;5017.4
Bakso OMAH NDELIK;1271.5;1227.0;867.2;3149.1;24366.3;24256.0;7057.5;7336.5;12472.2;41682.9;12705.6;24718.8;23064.0;12927.7;14374.5;13171.9;21264.3;28132.1;25065.5;22567.5;23920.4;0.0;16595.3;16474.0;21754.9;21723.6;20105.5;41341.6;41201.9;17703.5;28236.2;18044.4;23682.6;18339.4;20353.0;20870.4;19907.3;21424.0;25619.6;5969.1;23084.0;43770.3;23766.6;24305.3;23913.2;26399.6;24817.7;24872.2;23521.2;24177.8;24013.3;23761.1;459.5;15217.3;28135.9;25654.7;23917.9;26506.6;26563.7;27013.7;26683.9;25450.7;25900.2;25880.3;25621.1;25541.7;27856.9;25685.4;27380.0;26297.4;26238.2;26041.8;25595.2;28625.6;26989.9;26886.0;27749.0;36086.6;27997.3;25382.1;33079.9;27584.9;33272.9;29766.5;23355.7;26204.6;24352.0;25359.2;23284.9;23675.3;25361.2;20038.0;19436.6;25349.7;27256.2;23836.3;23439.4;25816.4;28103.4;25167.0;35446.7;23240.0;26699.7;27318.7;4972.7;24718.5;24718.5;24718.5;24718.5;24718.5;24718.5;24718.5;24718.5
RM NGALANG;16836.5;16792.0;15747.5;13463.8;14878.4;14768.1;9537.8;9258.7;8380.1;32195.0;3889.7;15231.0;13576.2;3667.6;4830.9;3423.4;11776.4;18644.2;15577.6;7373.8;10065.7;16614.7;0.0;121.3;3632.8;3664.1;6250.8;15630.8;15770.5;8215.7;18748.4;8556.5;14194.7;8851.5;10865.1;11382.6;10419.5;11936.2;16131.7;13683.0;13596.2;34282.4;14278.8;14817.5;14425.3;16911.7;15329.9;15384.4;14033.4;14690.0;14525.4;14273.3;16155.2;31819.6;12122.7;16166.8;10063.1;17018.8;17075.8;17525.9;17196.0;15962.9;16412.3;16392.4;16133.2;16053.9;18369.1;16197.5;17892.1;16809.6;16750.3;16553.9;16107.3;19137.8;17502.1;17398.1;18261.1;26598.7;11984.1;15894.3;23592.1;18097.1;23785.0;20278.6;13867.8;16716.7;14864.2;15871.3;13797.1;14187.4;15873.3;10550.1;9948.7;15861.8;17768.4;14348.5;13951.6;16328.6;12090.3;15679.2;25958.9;13752.2;17211.9;12349.8;12686.6;15230.6;15230.6;15230.6;15230.6;15230.6;15230.6;15230.6;15230.6
MIE AYAM & DEGAN;16715.2;16670.7;15626.2;13342.5;14757.1;14646.8;9416.5;9137.4;8258.8;32073.7;3768.4;15109.7;13454.8;3546.3;4709.6;3302.1;11655.1;18522.9;15456.3;6646.0;10146.8;16493.4;121.3;0.0;3713.9;3745.2;6331.9;15711.9;15851.6;8094.3;18627.1;8435.2;14073.4;8730.2;10743.8;11261.3;10298.2;11814.9;16010.4;13561.7;13474.8;34161.1;14157.5;14696.2;14304.0;16790.4;15208.5;15263.1;13912.1;14568.7;14404.1;14152.0;16033.9;31698.2;12203.8;16045.5;10144.2;16897.5;16954.5;17404.6;17074.7;15841.6;16291.0;16271.1;16011.9;15932.6;18247.8;16076.2;17770.8;16688.3;16629.0;16432.6;15986.0;19016.5;17380.7;17276.8;18139.8;26477.4;12065.2;15773.0;23470.7;17975.7;23663.7;20157.3;13746.5;16595.4;14742.8;15750.0;13675.7;14066.1;15752.0;10428.8;9827.4;15740.5;17647.1;14227.2;13830.3;16207.3;12171.4;15557.9;25837.6;13630.8;17090.6;17709.6;12565.3;15109.3;15109.3;15109.3;15109.3;15109.3;15109.3;15109.3;15109.3
ANGKRINGAN BU TUMINI;20429.1;20384.6;19340.1;17056.3;10636.8;10526.6;13130.3;12851.3;11972.7;27953.4;7482.3;10989.4;9334.6;7260.1;7534.2;7015.9;7534.8;14402.6;11336.1;7786.4;6432.9;20207.3;3632.8;3713.9;0.0;31.4;2618.0;27612.1;27472.5;4051.4;14506.8;4314.9;9953.1;4609.9;6623.5;7141.0;6177.9;7694.6;11890.1;17275.6;9354.6;30040.8;10037.2;10575.9;10183.7;12670.1;11088.3;11142.8;9791.8;10448.4;10283.9;10031.7;19747.8;35412.1;8490.0;11925.2;6430.3;12777.2;12834.3;13284.3;12954.4;11721.3;12170.8;12150.8;11891.6;11812.3;14127.5;11956.0;13650.5;12568.0;12508.7;12312.3;11865.8;14896.2;13260.5;13156.5;14019.5;22357.1;8351.3;11652.7;19350.5;13855.5;19543.4;16037.0;9626.2;12475.1;10622.6;11629.8;9555.5;9945.9;11631.7;6308.6;5707.1;11620.2;13526.8;10106.9;9710.0;12087.0;8457.5;11437.6;21717.3;9510.6;12970.3;8717.0;16279.1;10989.1;10989.1;10989.1;10989.1;10989.1;10989.1;10989.1;10989.1
SRC WINDARTI;21968.3;21923.8;20879.4;18595.6;10605.5;10495.2;14669.6;14390.5;13511.9;27922.1;9021.5;10958.0;9303.2;8799.4;7565.5;7047.3;7503.5;14371.3;11304.7;7817.8;6401.5;21746.5;3664.1;3745.2;31.4;0.0;2586.6;27580.8;27441.1;4020.1;14475.4;4283.6;9921.8;4578.6;6592.2;7109.6;6146.5;7663.2;11858.8;18814.8;9323.2;30009.5;10005.8;10544.6;10152.4;12638.8;11056.9;11111.4;9760.4;10417.0;10252.5;10000.3;21287.0;36951.4;8458.6;11893.9;6399.0;12745.9;12802.9;13252.9;12923.1;11690.0;12139.4;12119.5;11860.3;11780.9;14096.1;11924.6;13619.2;12536.6;12477.4;12281.0;11834.4;14864.8;13229.1;13125.2;13988.2;22325.8;8320.0;11621.3;19319.1;13824.1;19512.1;16005.7;9594.9;12443.8;10591.2;11598.4;9524.1;9914.5;11600.4;6277.2;5675.8;11588.9;13495.4;10075.6;9678.6;12055.7;8426.1;11406.2;21685.9;9479.2;12938.9;8685.7;17818.4;10957.7;10957.7;10957.7;10957.7;10957.7;10957.7;10957.7;10957.7
Kopi Wono Angkringan Mbah Dullah;20350.3;20305.8;19261.3;16977.6;8987.5;8877.2;13051.6;12772.5;11893.9;26304.0;7403.5;9340.0;7685.2;7181.3;8400.4;7197.8;5885.5;12753.3;9686.7;10404.4;3814.9;20128.5;6250.8;6331.9;2618.0;2586.6;0.0;25962.7;25823.1;2402.0;12857.4;2665.5;8303.7;2960.5;4974.1;5491.6;4528.5;2512.4;10240.7;17196.8;7705.2;28391.5;8387.8;8926.5;8534.3;11020.7;9438.9;9493.4;8142.4;8799.0;8634.5;8382.3;19669.0;35333.3;5872.0;10275.9;3812.4;11127.8;11184.9;11634.9;11305.0;10071.9;10521.4;10501.5;10242.2;10162.9;12478.1;10306.6;12001.2;10918.6;10859.4;10662.9;10216.4;13246.8;11611.1;11507.1;12370.2;20707.7;5733.3;10003.3;17701.1;12206.1;17894.0;14387.6;7976.8;10825.7;8973.2;9980.4;7906.1;8296.5;9982.4;4659.2;4057.8;9970.8;11877.4;8457.5;8060.6;10437.6;5839.5;9788.2;20067.9;7861.2;11320.9;6099.0;16200.4;9339.7;9339.7;9339.7;9339.7;9339.7;9339.7;9339.7;9339.7
RUMAH MAKAN PADANG BAROKAH;41569.0;41524.5;40480.0;38196.2;17928.3;17764.1;34270.2;33991.2;33112.6;12039.9;28622.2;25917.3;18293.3;28400.0;29619.1;28416.5;26264.5;17711.4;16814.9;19784.5;20036.4;41347.2;15630.8;15711.9;27594.8;27563.4;25945.4;0.0;139.7;23620.7;17607.3;23279.8;17639.0;22984.8;20971.2;20453.8;21416.9;20650.9;16920.0;38415.5;18237.6;23723.3;19394.4;17919.0;17935.8;17859.3;16503.9;16610.2;19149.0;17143.8;17308.3;19074.8;40887.7;56552.0;18624.7;16255.2;20038.9;16036.4;16093.5;16543.5;16213.7;15939.6;16389.0;15540.6;16921.5;16030.6;18173.3;15636.2;13961.6;15342.4;15768.0;15857.4;16895.6;17217.9;16519.7;16415.8;14589.0;25616.4;18486.1;16332.9;12763.8;18258.6;13225.9;19296.3;17965.9;16687.6;16969.6;16182.8;20356.9;17646.3;16184.8;21381.9;21887.6;17623.0;16786.0;17485.3;19067.1;17116.8;18592.3;16154.6;15399.7;18081.6;16229.5;17807.6;37419.0;16791.5;16791.5;16791.5;16791.5;16791.5;16791.5;16791.5;16791.5
MIE AYAM KD (BS);41429.3;41384.8;40340.3;38056.6;17788.6;17624.4;34130.6;33851.5;32972.9;11900.2;28482.5;25777.7;18153.6;28260.4;29479.4;28276.8;26124.9;17571.8;16675.3;19924.1;19896.7;41207.5;15770.5;15851.6;27455.1;27423.8;25805.7;139.7;0.0;23481.0;17467.6;23140.2;17499.4;22845.2;20831.6;20314.1;21277.2;20511.2;16780.3;38275.8;18097.9;23583.6;19254.7;17779.3;17796.1;17719.7;16364.2;16470.6;19009.3;17004.1;17168.7;18935.1;40748.0;56412.3;18485.1;16115.5;19899.3;15896.8;15953.8;16403.9;16074.0;15799.9;16249.4;15401.0;16781.8;15890.9;18033.6;15496.6;13821.9;15202.8;15628.3;15717.7;16755.9;17078.2;16380.0;16276.1;14449.3;25476.7;18346.5;16193.3;12624.1;18118.9;13086.2;19156.6;17826.3;16547.9;16829.9;16043.1;20217.3;17506.7;16045.1;21242.2;21748.0;17483.3;16646.4;17345.6;18927.5;16977.2;18452.6;16014.9;15260.0;17941.9;16089.9;17667.9;37279.4;16651.9;16651.9;16651.9;16651.9;16651.9;16651.9;16651.9;16651.9
"Warung Bakso Mie Ayam ""Bu Wakir""";17948.3;17903.8;16859.3;14575.5;6662.8;6552.5;10649.5;10370.5;9491.9;23979.4;5001.5;7015.3;5360.5;4779.3;5998.4;4795.8;3560.8;10428.6;7362.0;11837.9;6216.9;17726.5;8219.2;8097.9;4051.4;4020.1;2402.0;23638.1;23498.4;0.0;10532.7;340.9;5979.1;635.9;2649.5;3166.9;2203.8;3720.5;7916.1;14794.8;5380.5;26066.8;6063.1;6601.8;6209.7;8696.1;7114.2;7168.7;5817.7;6474.3;6309.8;6057.6;17267.0;32931.3;10432.4;7951.2;6214.4;8803.1;8860.2;9310.2;8980.4;7747.2;8196.7;8176.8;7917.6;7838.2;10153.4;7981.9;9676.5;8593.9;8534.7;8338.3;7891.7;10922.1;9286.4;9182.5;10045.5;18383.1;10293.8;7678.6;15376.4;9881.4;15569.4;12063.0;5652.2;8501.1;6648.5;7655.7;5581.4;5971.8;7657.7;2334.5;1733.1;7646.2;9552.7;6132.8;5735.9;8112.9;10399.9;7463.5;17743.2;5536.5;8996.2;9615.2;13798.3;7015.0;7015.0;7015.0;7015.0;7015.0;7015.0;7015.0;7015.0
RM Padang Tuah Saiyo;27737.6;27693.1;26648.6;24364.9;4096.9;3932.7;20438.9;20159.8;19281.2;13446.6;14790.8;8810.2;4461.9;14568.6;15787.7;14585.1;12433.1;104.1;2424.7;21549.8;6758.2;27515.8;18008.5;17887.2;13763.4;13732.0;12114.0;17607.5;17467.8;9789.3;0.0;9448.5;3807.7;9153.5;7139.9;6622.4;7585.5;6819.5;2529.8;24584.1;4406.2;15534.1;5563.0;4087.6;4104.4;3128.1;3059.4;3113.9;5317.6;3312.4;3476.9;5243.4;27056.3;42720.6;5346.6;2460.6;6760.7;1729.6;1672.5;1812.3;1823.5;2661.4;3110.9;2472.5;2531.3;2752.4;566.0;2568.1;3759.9;2437.5;2080.1;2030.0;2505.4;389.4;1788.4;1684.5;1397.1;10885.1;5207.9;2188.0;4843.7;651.3;5036.6;4565.0;4134.6;1956.3;3138.2;2587.1;6525.5;3814.9;2585.1;7550.5;8056.2;3232.8;2054.7;3653.9;5235.8;2726.7;5314.1;2876.4;7210.5;4250.2;1839.3;4529.4;23587.7;2778.6;2778.6;2778.6;2778.6;2778.6;2778.6;2778.6;2778.6
Es degan depan lapangan terbang gading;18289.1;18244.7;17200.2;14916.4;6321.9;6211.6;10990.4;10711.4;9832.8;23638.5;5342.3;6674.5;5019.6;5120.2;6339.2;5136.7;3219.9;10087.7;7021.1;12101.4;6480.5;18067.3;8560.1;8438.7;4314.9;4283.6;2665.5;23297.2;23157.5;340.9;10191.9;0.0;5638.2;295.0;2308.6;2826.1;1862.9;3379.6;7575.2;15135.6;5039.6;25725.9;5722.3;6261.0;5868.8;8355.2;6773.3;6827.8;5476.9;6133.4;5968.9;5716.8;17607.9;33272.2;10091.5;7610.3;6477.9;8462.3;8519.3;8969.4;8639.5;7406.4;7855.8;7835.9;7576.7;7497.3;9812.6;7641.0;9335.6;8253.1;8193.8;7997.4;7550.8;10581.3;8945.5;8841.6;9704.6;18042.2;9952.9;7337.8;15035.5;9540.5;15228.5;11722.1;5311.3;8160.2;6307.6;7314.8;5240.5;5630.9;7316.8;1993.6;1392.2;7305.3;9211.8;5792.0;5395.1;7772.1;10059.1;7122.7;17402.3;5195.6;8655.3;9274.4;14139.2;6674.1;6674.1;6674.1;6674.1;6674.1;6674.1;6674.1;6674.1
"Rumah Makan Padang Pak Toha
";23929.9;23885.4;22841.0;20557.2;683.7;573.4;16631.2;16352.2;15473.5;18000.3;10983.1;8278.3;654.2;10761.0;11980.0;10777.5;8625.5;4449.5;1382.9;17742.2;5864.9;23708.1;14200.9;14079.5;9955.7;9924.4;8306.3;17659.0;17519.3;5981.7;4553.7;5640.8;0.0;5345.8;3332.2;2814.7;3777.8;3011.8;1937.0;20776.4;598.6;20087.7;1755.3;1812.6;1088.5;2717.0;1135.1;1189.7;1509.9;495.2;330.7;1435.8;23248.6;38913.0;4453.3;1972.1;5867.5;2824.1;2881.1;3331.2;3001.3;1768.2;2217.6;2197.7;1938.5;1859.2;4174.4;2002.8;3697.4;2614.9;2555.6;2359.2;1912.6;4943.1;3307.3;3203.4;4066.4;12404.0;4314.7;1699.6;9397.3;3902.3;9590.3;6083.9;326.9;2522.0;669.4;1676.6;2717.9;7.3;1678.6;3742.8;4248.6;1667.1;3573.7;153.8;1428.1;2133.9;4420.9;1484.5;11764.1;442.6;3017.2;3636.2;19780.0;1035.9;1035.9;1035.9;1035.9;1035.9;1035.9;1035.9;1035.9
Angkringan Pak Agus;18584.1;18539.6;17495.2;15211.4;6026.9;5916.6;11285.4;11006.3;10127.7;23343.5;5637.3;6734.2;4724.6;5415.2;6634.2;5431.7;3279.7;9792.7;6726.1;12396.4;6775.4;18362.3;8855.1;8733.7;4609.9;4578.6;2960.5;23002.2;22862.5;635.9;9896.9;295.0;5343.2;0.0;2013.6;2531.1;1568.0;3084.7;7280.2;15430.6;4744.6;25430.9;5427.3;5966.0;5573.8;8060.2;6478.3;6532.9;5181.9;5838.4;5673.9;5421.8;17902.8;33567.2;9796.5;7315.3;6772.9;8167.3;8224.3;8674.4;8344.5;7111.4;7560.8;7540.9;7281.7;7202.4;9517.6;7346.0;9040.6;7958.1;7898.8;7702.4;7255.8;10286.3;8650.5;8546.6;9409.6;17747.2;9657.9;7042.8;14740.5;9245.5;14933.5;11427.1;5016.3;7865.2;6012.6;7019.8;6389.9;5335.9;7021.8;1698.6;1097.2;7010.3;8916.9;5497.0;5100.1;7477.1;9764.1;6827.7;17107.4;4900.6;8360.4;8979.4;14434.2;6379.1;6379.1;6379.1;6379.1;6379.1;6379.1;6379.1;6379.1
Soto Ayam Tan Proyek;20597.7;20553.2;19508.8;17225.0;4013.3;3903.0;13299.0;13019.9;12141.3;21329.9;7650.9;8747.8;2711.0;7428.8;8647.8;7445.3;5293.3;7779.1;4712.5;14410.0;9194.5;20375.9;10868.7;10747.3;6623.5;6592.2;4974.1;20988.6;20848.9;2649.5;7883.3;2308.6;3329.6;2013.6;0.0;517.5;445.6;1071.1;5266.6;17444.2;2731.0;23417.3;3413.7;3952.4;3560.2;6046.6;4464.7;4519.3;3168.3;3824.8;3660.3;3408.2;19916.4;35580.8;7782.9;5301.7;9197.1;6153.7;6210.7;6660.8;6330.9;5097.8;5547.2;5527.3;5268.1;5188.8;7504.0;5332.4;7027.0;5944.5;5885.2;5688.8;5242.2;8272.7;6636.9;6533.0;7396.0;15733.6;7644.3;5029.2;12726.9;7231.9;12919.9;9413.5;3002.7;5851.6;3999.0;5006.2;4376.3;3322.3;5008.2;410.6;916.4;4996.7;6903.3;3483.4;3086.5;5463.5;7750.5;4814.1;15093.8;2887.0;6346.8;6965.8;16447.8;4365.5;4365.5;4365.5;4365.5;4365.5;4365.5;4365.5;4365.5
Soto Tan Proyek Mbah Lurah (Pusat);21115.2;21070.7;20026.2;17742.5;3495.9;3385.6;13816.5;13537.4;12658.8;20812.4;8168.4;9265.3;2193.6;7946.2;9165.3;7962.7;5810.7;7261.7;4195.1;14927.4;8677.1;20893.4;11386.1;11264.8;7141.0;7109.6;5491.6;20471.1;20331.5;3166.9;7365.8;2826.1;2812.1;2531.1;517.5;0.0;963.1;651.7;4749.1;17961.7;2213.6;22899.9;2896.2;3434.9;3042.7;5529.1;3947.3;4001.8;2650.8;3307.4;3142.9;2890.7;20433.9;36098.2;7265.5;4784.3;8679.6;5636.2;5693.3;6143.3;5813.4;4580.3;5029.8;5009.9;4750.6;4671.3;6986.5;4815.0;6509.6;5427.0;5367.8;5171.3;4724.8;7755.2;6119.5;6015.5;6878.6;15216.1;7126.8;4511.7;12209.5;6714.5;12402.4;8896.0;2485.2;5334.1;3481.6;4488.8;3858.8;2804.9;4490.8;928.1;1433.8;4479.2;6385.8;2965.9;2569.0;4946.0;7233.0;4296.6;14576.3;2369.6;5829.3;6448.3;16965.3;3848.1;3848.1;3848.1;3848.1;3848.1;3848.1;3848.1;3848.1
Warung Simbok;20152.1;20107.6;19063.1;16779.4;4459.0;4348.7;12853.3;12574.3;11695.7;21775.5;7205.3;8302.2;3156.7;6983.1;8202.2;6999.6;4847.6;8224.8;5158.2;13964.3;9640.2;19930.3;10423.0;10301.7;6177.9;6146.5;4528.5;21434.2;21294.6;2203.8;8328.9;1862.9;3775.2;1568.0;445.6;963.1;0.0;1516.7;5712.3;16998.6;3176.7;23863.0;3859.3;4398.0;4005.8;6492.3;4910.4;4964.9;3613.9;4270.5;4106.0;3853.8;19470.8;35135.1;8228.6;5747.4;9642.7;6599.3;6656.4;7106.4;6776.6;5543.4;5992.9;5973.0;5713.8;5634.4;7949.6;5778.1;7472.7;6390.1;6330.9;6134.4;5687.9;8718.3;7082.6;6978.6;7841.7;16179.2;8089.9;5474.8;13172.6;7677.6;13365.5;9859.2;3448.3;6297.2;4444.7;5451.9;4821.9;3768.0;5453.9;130.7;470.7;5442.3;7348.9;3929.0;3532.1;5909.1;8196.1;5259.7;15539.4;3332.7;6792.4;7411.4;16002.2;4811.2;4811.2;4811.2;4811.2;4811.2;4811.2;4811.2;4811.2
OMAHENA;21766.9;21722.4;20677.9;18394.1;3692.9;3582.6;14468.1;14189.1;13310.5;21009.5;8820.1;9916.9;2390.7;8597.9;9817.0;8614.4;6462.4;7458.7;4392.1;15579.1;8874.2;21545.1;12037.8;11916.5;7792.7;7761.3;2512.4;20668.2;20528.5;3818.6;7562.9;3477.7;3009.2;3182.7;1169.1;651.7;1614.8;0.0;4946.2;18613.3;2410.7;23096.9;3093.3;3632.0;3239.8;5726.2;4144.4;4198.9;2847.9;3504.5;3339.9;3087.8;21085.6;36749.9;7462.5;4981.3;8876.7;5833.3;5890.3;6340.4;6010.5;4777.4;5226.8;5206.9;4947.7;4868.4;7183.6;5012.0;6706.6;5624.1;5564.8;5368.4;4921.8;7952.3;6316.6;6212.6;7075.6;15413.2;7323.9;4708.8;12406.6;6911.6;12599.5;9093.1;2682.3;5531.2;3678.7;4685.8;4055.9;3001.9;4687.8;1579.7;2085.5;4676.3;6582.9;3163.0;2766.1;5143.1;7430.1;4493.7;14773.4;2566.7;6026.4;6645.4;17616.9;4045.1;4045.1;4045.1;4045.1;4045.1;4045.1;4045.1;4045.1
Es Guppy #2;25866.9;25822.4;24778.0;22494.2;2226.2;2062.1;18568.2;18289.2;17410.5;16648.0;12920.1;6280.4;2591.2;12698.0;13917.0;12714.5;10562.5;3097.2;554.1;19679.2;4991.8;25645.1;16137.9;16016.5;11892.7;11861.4;10243.3;16785.9;16646.2;7918.7;3201.3;7577.8;1937.0;7282.8;5269.2;4751.7;5714.9;4948.8;0.0;22713.4;2535.6;18735.4;3692.3;1699.4;2233.8;1286.4;1188.7;1243.2;3446.9;1441.8;1606.3;3372.8;25185.6;40850.0;3580.2;694.2;4994.4;1452.9;1509.9;1485.7;839.8;895.1;1344.5;1324.6;22.9;986.1;2822.0;1129.7;2824.3;1741.8;1184.4;1081.3;24.4;3590.7;1422.0;1525.9;3193.3;10558.5;3441.6;421.7;8045.0;2550.0;8238.0;4238.4;2263.9;1254.1;1267.6;716.5;4654.9;1944.3;714.5;5679.8;6185.6;703.0;1728.1;1783.2;3365.1;196.9;3547.8;1110.0;10411.8;2379.6;855.6;2763.1;21717.0;907.9;907.9;907.9;907.9;907.9;907.9;907.9;907.9
WARKOP MAS BROW;6210.4;6165.9;5121.4;2837.6;21454.0;21343.7;4145.2;4424.3;7271.8;38770.6;9793.3;21806.5;20151.7;10015.4;11462.2;10259.6;18352.0;25219.8;22153.2;19655.2;21008.1;5988.6;13683.0;13561.7;18842.6;18811.3;17193.2;38429.3;38289.6;14791.2;25323.9;15132.1;20770.3;15427.1;17440.7;17958.1;16995.0;18511.7;22707.3;0.0;20171.7;40858.0;20854.4;21393.1;21000.9;23487.3;21905.4;21959.9;20609.0;21265.5;21101.0;20848.9;5529.1;21193.4;25223.6;22742.4;21005.6;23594.4;23651.4;24101.5;23771.6;22538.5;22987.9;22968.0;22708.8;22629.4;24944.6;22773.1;24467.7;23385.2;23325.9;23129.5;22682.9;25713.3;24077.6;23973.7;24836.7;33174.3;25085.0;22469.9;30167.6;24672.6;30360.6;26854.2;20443.4;23292.3;21439.7;22446.9;20372.6;20763.0;22448.9;17125.7;16524.3;22437.4;24343.9;20924.1;20527.1;22904.2;25191.2;22254.8;32534.4;20327.7;23787.4;24406.5;996.4;21806.2;21806.2;21806.2;21806.2;21806.2;21806.2;21806.2;21806.2
Rumah Makan Nasi Padang Giwangan;23331.4;23286.9;22242.4;19958.6;1282.3;1172.0;16032.6;15753.6;14875.0;18598.9;10384.6;7679.7;55.6;10162.4;11381.5;10178.9;8026.9;5048.1;1981.5;17143.6;6463.5;23109.6;13602.3;13481.0;9357.2;9325.8;7707.8;18257.5;18117.9;5383.1;5152.2;5042.2;598.6;4747.2;2733.6;2216.2;3179.3;2413.3;2535.6;20177.9;0.0;20686.3;1156.7;1275.6;883.4;3315.6;1733.7;1788.2;911.3;1093.8;929.3;837.2;22650.1;38314.4;5051.9;2570.7;6466.1;3422.6;3479.7;3929.7;3599.9;2366.7;2816.2;2796.3;2537.1;2457.7;4772.9;2601.4;4296.0;3213.4;3154.2;2957.7;2511.2;5541.6;3905.9;3802.0;4665.0;13002.6;4913.3;2298.1;9995.9;4500.9;10188.9;6682.5;271.7;3120.6;1268.0;2275.2;2119.3;591.3;2277.2;3144.3;3650.0;2265.6;4172.2;752.3;829.5;2732.4;5019.4;2083.0;12362.7;156.0;3615.7;4234.7;19181.4;1634.5;1634.5;1634.5;1634.5;1634.5;1634.5;1634.5;1634.5
WARIMIN (BL3036);43271.5;43227.0;42182.5;39898.7;19630.7;19466.6;35972.7;35693.7;34815.1;8828.6;30324.7;24344.1;19995.7;30102.5;31321.5;30119.0;27967.0;15638.0;17958.6;37083.7;22292.0;43049.7;33542.4;33421.1;29297.3;29265.9;27647.9;23723.3;23583.6;25323.2;15533.9;24982.3;19341.5;24687.3;22673.7;22156.3;23119.4;22353.3;18063.6;40117.9;19940.1;0.0;21096.8;19621.4;19638.3;18661.9;18593.2;18647.7;20851.4;18846.3;19010.8;20777.3;42590.2;58254.5;20880.4;17994.4;22294.6;17263.4;17206.4;17346.1;17357.3;18195.3;18644.7;18006.4;18065.1;18286.3;16099.8;18102.0;19293.7;17971.3;17613.9;17563.9;18039.3;15144.5;17322.3;17218.3;16931.0;26418.9;20741.8;17721.9;10959.5;16185.2;10497.4;20098.8;19668.4;17490.2;18672.1;18121.0;22059.4;19348.8;18119.0;23084.3;23590.1;18766.7;17588.6;19187.7;20769.6;18260.5;20848.0;18410.2;8323.6;19784.1;17373.2;20063.3;39121.5;18312.4;18312.4;18312.4;18312.4;18312.4;18312.4;18312.4;18312.4
Angkringan Kang Parjo;23160.5;23116.0;22071.5;19787.8;2419.3;2309.0;15861.8;15582.7;14704.1;19735.8;10213.7;6523.0;1117.0;9991.5;11210.6;10008.0;5110.8;6185.1;3118.5;16972.7;7600.5;22938.7;13431.4;13310.1;9186.3;9154.9;7536.9;19394.5;19254.9;5212.2;6289.2;4871.3;1735.5;4576.4;2562.8;2045.3;3008.4;2242.4;3672.5;20007.0;1137.0;21823.3;0.0;2358.3;1966.1;4452.5;2870.7;2925.2;245.4;2230.8;2066.3;1814.1;22479.2;38143.5;6188.9;3707.7;7603.0;4559.6;4616.7;5066.7;4736.9;3503.7;3953.2;3933.3;3674.1;3594.7;5909.9;3738.4;5433.0;4350.4;4291.2;4094.7;3648.2;6678.6;5042.9;4938.9;5802.0;14139.5;6050.2;3435.1;11132.9;5637.9;11325.8;7819.5;1408.6;4257.5;2405.0;3412.2;962.6;1728.3;3414.2;2973.4;3479.1;3402.6;5309.2;1889.3;327.2;3869.4;6156.4;3220.0;13499.7;1293.0;4752.7;5371.7;19010.6;2771.5;2771.5;2771.5;2771.5;2771.5;2771.5;2771.5;2771.5
ANGKRINGAN DELLA JC;24552.7;24508.2;23463.7;21180.0;2101.8;1937.7;17254.0;16974.9;16096.3;17563.7;11605.9;6414.4;1277.0;11383.8;12602.8;11400.2;9248.2;4012.9;1662.9;18365.0;6144.9;24330.9;14823.6;14702.3;10578.5;10547.2;8929.1;17938.9;17799.2;6604.4;4117.1;6263.6;1812.6;5968.6;3955.0;3437.5;4400.6;3634.6;1711.0;21399.2;1275.6;19651.1;2378.1;0.0;392.2;1903.1;1415.1;1469.6;2132.7;1317.3;1481.9;2058.5;23871.4;39535.7;4733.2;2252.0;6147.4;3104.0;2773.3;2401.4;2924.3;2048.1;2497.5;2477.6;1733.9;2139.1;3737.8;2282.7;3977.3;2894.8;2835.5;2639.1;1735.4;4506.5;2337.7;2441.7;4346.3;11474.2;4594.6;1979.5;8960.7;3465.7;9153.7;5154.1;1195.0;2169.8;1143.2;1956.5;3340.7;1819.9;1958.5;4365.6;4871.4;1152.3;2643.9;1658.8;2050.9;1514.1;4700.8;1764.4;11327.6;1310.7;2940.1;3916.1;20402.8;1315.8;1315.8;1315.8;1315.8;1315.8;1315.8;1315.8;1315.8
ANGKRINGAN JC (BS);24160.5;24116.0;23071.5;20787.8;1680.1;1515.9;16861.8;16582.7;15704.1;18151.8;11213.7;8508.9;884.8;10991.6;12210.6;11008.1;8856.1;4601.0;1534.4;17972.8;6016.4;23938.7;14431.4;14310.1;10186.3;10155.0;8536.9;17810.4;17670.8;6212.3;4705.1;5871.4;1088.5;5576.4;3562.8;3045.3;4008.4;3242.4;2088.5;21007.0;883.4;20239.2;1985.9;392.2;0.0;2295.3;1286.6;1341.1;1740.5;895.6;1060.1;1666.4;23479.2;39143.6;4604.8;2123.6;6019.0;2975.5;3032.6;3482.6;3152.8;1919.6;2369.1;2349.2;2090.0;2010.6;4325.8;2154.3;3848.9;2766.3;2707.1;2510.6;2064.1;5094.5;2781.7;3354.9;4217.9;12555.5;4466.2;1851.0;9548.8;4053.8;9741.8;6235.4;802.8;2613.8;884.1;1828.1;2948.5;1081.3;1830.1;3973.4;4479.2;1596.2;3725.1;1242.3;1658.7;2285.3;4572.3;1635.9;11915.6;918.5;3168.6;3787.6;20010.6;1187.4;1187.4;1187.4;1187.4;1187.4;1187.4;1187.4;1187.4
Lesehan Layah Kembar Garden;26650.4;26605.9;25561.4;23277.7;3009.7;2845.6;19351.7;19072.6;18194.0;16565.6;13703.6;5770.0;3374.7;13481.5;14700.5;13498.0;11346.0;3014.8;1584.7;20462.7;6860.9;26428.6;16921.3;16800.0;12676.2;12644.9;11026.8;17824.1;17684.5;8702.2;3119.0;8361.3;2720.5;8066.3;6052.7;5535.2;6498.3;5732.3;1052.0;23496.9;3319.1;18653.0;4475.8;1903.1;2295.3;0.0;2219.3;2273.8;4230.4;2225.2;2389.8;4156.3;25969.1;41633.5;5449.3;2563.3;6863.4;1832.3;1775.2;1315.8;1926.2;2764.1;3213.6;2575.2;1029.1;2855.1;2739.7;2670.8;3862.6;2540.2;2182.8;2132.7;1055.0;3508.4;1379.5;1443.6;4231.6;8785.2;5310.6;2290.8;7962.7;2467.7;8155.6;2465.1;3047.4;1208.9;2051.1;1747.1;5438.4;2727.8;1745.1;6463.3;6969.1;1197.7;1073.3;2566.7;4148.6;1089.6;5416.8;2979.1;10329.5;3163.1;1942.0;4632.1;22500.5;1938.5;1938.5;1938.5;1938.5;1938.5;1938.5;1938.5;1938.5
Angkringan Mbak Yuni pasar pitek;25065.1;25020.6;23976.1;21692.3;1424.4;1260.2;17766.3;17487.3;16608.7;16865.1;12118.3;9413.4;1789.3;11896.1;13115.2;11912.6;9760.6;3314.4;634.6;18877.3;4729.8;24843.3;15336.0;15214.7;11090.9;11059.5;9441.5;16523.8;16384.2;7116.8;3418.5;6775.9;1135.1;6480.9;4467.3;3949.9;4913.0;4147.0;1188.7;21911.6;1733.7;18952.6;2890.4;1415.1;1431.9;2219.3;0.0;106.3;2645.1;639.9;804.4;2570.9;24383.8;40048.1;3318.2;1223.8;4732.4;1688.9;1746.0;2196.0;1866.2;633.0;1082.5;1062.6;1190.2;724.0;3039.2;867.7;2562.3;1479.7;1420.5;1509.9;1164.3;3807.9;2172.2;2068.2;2931.3;11268.9;3179.5;951.3;8262.2;2767.2;8455.1;4948.8;1462.0;2340.1;465.7;541.5;3853.0;1142.4;543.5;4878.0;5383.7;1269.6;2438.5;981.4;2563.2;1385.6;3285.7;349.3;10629.0;1577.7;1882.0;2501.0;20915.1;287.6;287.6;287.6;287.6;287.6;287.6;287.6;287.6
Sop Buntut dan Soto SARPRING;25119.6;25075.1;24030.6;21746.9;1478.9;1314.7;17820.8;17541.8;16663.2;16971.5;12172.8;9468.0;1843.9;11950.6;13169.7;11967.1;9815.1;3420.7;689.2;18931.8;4836.1;24897.8;15390.5;15269.2;11145.4;11114.0;9496.0;16630.2;16490.5;7171.3;3524.8;6830.4;1189.7;6535.5;4521.9;4004.4;4967.5;4201.5;1243.2;21966.1;1788.2;19058.9;2945.0;1469.6;1486.4;2273.8;106.3;0.0;2699.6;694.4;858.9;2625.4;24438.3;40102.6;3424.5;1278.3;4838.7;1795.3;1852.3;2302.3;1972.5;739.4;1188.8;1168.9;1244.7;830.3;3145.5;974.0;2668.6;1586.0;1526.8;1616.2;1218.9;3914.2;2278.5;2174.6;3037.6;11375.2;3285.9;1005.8;8368.5;2873.5;8561.5;5055.1;1516.6;2446.4;520.2;647.8;3907.5;1196.9;649.8;4932.5;5438.2;1324.1;2544.8;1035.9;2617.8;1440.1;3392.0;455.6;10735.3;1632.2;1988.3;2607.3;20969.7;342.1;342.1;342.1;342.1;342.1;342.1;342.1;342.1
AD~ Angkringan Deso;22915.1;22870.6;21826.1;19542.4;2173.9;2063.6;15616.4;15337.3;14458.7;19490.4;9968.3;6768.4;871.6;9746.1;10965.2;9762.6;5356.2;5939.7;2873.1;16727.3;7355.1;22693.3;13186.0;13064.7;8940.9;8909.5;7291.5;19149.1;19009.5;4966.8;6043.8;4626.0;1490.1;4331.0;2317.4;1799.9;2763.0;1997.0;3427.1;19761.6;891.6;21577.9;245.4;2112.9;1720.7;4207.1;2625.3;2679.8;0.0;1985.4;1820.9;1568.7;22233.8;37898.1;5943.5;3462.3;7357.6;4314.2;4371.3;4821.3;4491.5;3258.3;3707.8;3687.9;3428.7;3349.3;5664.5;3493.0;5187.6;4105.0;4045.8;3849.3;3402.8;6433.2;4797.5;4693.5;5556.6;13894.1;5804.8;3189.7;10887.5;5392.5;11080.4;7574.1;1163.2;4012.1;2159.6;3166.8;1208.0;1482.9;3168.8;2728.0;3233.7;3157.2;5063.8;1643.9;81.8;3624.0;5911.0;2974.6;13254.3;1047.6;4507.3;5126.3;18765.2;2526.1;2526.1;2526.1;2526.1;2526.1;2526.1;2526.1;2526.1
SATE KAMBING LEDOKSARI;24425.2;24380.7;23336.2;21052.5;784.5;620.3;17126.4;16847.4;15968.8;17505.0;11478.4;8773.5;1149.5;11256.2;12475.3;11272.7;9120.7;3954.3;887.7;18237.4;5369.7;24203.4;14696.1;14574.8;10451.0;10419.6;8801.6;17163.7;17024.1;6476.9;4058.4;6136.0;495.2;5841.0;3827.4;3310.0;4273.1;3507.1;1441.8;21271.7;1093.8;19592.5;2250.6;1317.3;895.6;2221.8;639.9;694.4;2005.2;0.0;164.5;1931.0;23743.9;39408.2;3958.1;1476.9;5372.2;2328.8;2385.9;2835.9;2506.1;1272.9;1722.4;1702.5;1443.3;1363.9;3679.1;1507.6;3202.2;2119.6;2060.4;1863.9;1417.4;4447.8;2812.1;2708.1;3571.2;11908.8;3819.4;1204.3;8902.1;3407.1;9095.0;5588.7;822.1;2026.8;174.2;1181.4;3213.1;502.5;1183.4;4238.1;4743.8;1171.8;3078.4;341.5;1923.3;1638.6;3925.6;989.2;11268.9;937.8;2521.9;3140.9;20275.2;540.7;540.7;540.7;540.7;540.7;540.7;540.7;540.7
ANGKRINGAN TBY;24260.7;24216.2;23171.7;20887.9;619.9;513.3;16961.9;16682.9;15804.3;17669.6;11313.9;8609.0;984.9;11091.7;12310.8;11108.2;8956.2;4118.8;1052.2;18072.9;5534.2;24038.9;14531.6;14410.3;10286.5;10255.1;8637.1;17328.3;17188.6;6312.4;4222.9;5971.5;330.7;5676.5;3662.9;3145.5;4108.6;3342.5;1606.3;21107.1;929.3;19757.0;2086.0;1481.9;1060.1;2386.3;804.4;858.9;1840.6;164.5;0.0;1766.5;23579.4;39243.7;4122.6;1641.4;5536.8;2493.4;2550.4;3000.4;2670.6;1437.5;1886.9;1867.0;1607.8;1528.4;3843.6;1672.1;3366.7;2284.1;2224.9;2028.5;1581.9;4612.3;2976.6;2872.7;3735.7;12073.3;3984.0;1368.8;9066.6;3571.6;9259.6;5753.2;657.6;2191.3;338.7;1345.9;3048.6;338.0;1347.9;4073.5;4579.3;1336.4;3242.9;176.9;1758.8;1803.2;4090.1;1153.7;11433.4;773.3;2686.4;3305.4;20110.7;705.2;705.2;705.2;705.2;705.2;705.2;705.2;705.2
Wadek Angkringan;23984.2;23939.7;22895.2;20611.5;2186.8;2076.5;16685.5;16406.4;15527.8;19503.4;11037.4;8332.6;934.1;10815.2;12034.3;10831.7;8679.7;5952.6;2886.0;17796.4;3903.6;23762.4;14255.1;14133.8;10010.0;9978.6;8360.6;19162.1;19022.4;6035.9;6056.7;5695.1;1503.1;5400.1;3386.5;2869.0;3832.1;3066.1;3440.1;20830.7;904.5;21590.8;1809.6;2125.9;1733.7;4220.1;2638.2;2692.7;1564.2;1998.3;1833.8;0.0;23302.9;38967.2;1846.6;3475.2;3906.2;4327.2;4384.2;4834.2;4504.4;3271.3;3720.7;3700.8;3441.6;3362.2;5677.4;3505.9;5200.5;4117.9;4058.7;3862.3;3415.7;6446.1;4810.4;4706.5;5569.5;13907.1;2353.4;3202.6;10900.4;5405.4;11093.4;7587.0;1176.2;4025.1;2172.5;3179.7;2772.1;1495.8;3181.7;3797.1;4302.8;3170.2;5076.7;1656.9;1482.4;3637.0;1879.0;2987.5;13267.2;1060.5;4520.2;2719.1;19834.3;2539.0;2539.0;2539.0;2539.0;2539.0;2539.0;2539.0;2539.0
Mie Ayam Dan Bakso Barokah Pak Eko;812.0;767.5;407.7;2689.6;23906.8;23796.5;6598.0;6877.1;12012.7;41223.4;12246.1;24259.3;22604.5;12468.2;13915.0;12712.4;20804.8;27672.6;24606.0;22108.0;23460.9;459.5;16135.8;16014.5;21295.4;21264.1;19646.0;40882.1;40742.4;17244.0;27776.7;17584.9;23223.1;17879.9;19893.5;20410.9;19447.8;20964.5;25160.1;5509.6;22624.5;43310.8;23307.1;23845.9;23453.7;25940.1;24358.2;24412.7;23061.7;23718.3;23553.8;23301.6;0.0;15664.3;27676.4;25195.2;23458.4;26047.2;26104.2;26554.2;26224.4;24991.3;25440.7;25420.8;25161.6;25082.2;27397.4;25225.9;26920.5;25837.9;25778.7;25582.3;25135.7;28166.1;26530.4;26426.5;27289.5;35627.1;27537.8;24922.6;32620.4;27125.4;32813.4;29307.0;22896.2;25745.1;23892.5;24899.7;22825.4;23215.8;24901.7;19578.5;18977.1;24890.2;26796.7;23376.9;22979.9;25357.0;27643.9;24707.5;34987.2;22780.5;26240.2;26859.2;4513.2;24259.0;24259.0;24259.0;24259.0;24259.0;24259.0;24259.0;24259.0
BAKSO LIK MAN;16590.5;16546.0;16186.2;18468.1;39685.3;39575.0;22376.5;22655.6;27791.2;57001.9;28024.6;40037.8;38383.0;28246.7;29693.5;28490.9;36583.3;43451.1;40384.5;37886.5;39239.4;15331.5;31914.3;31793.0;37073.9;37042.6;35424.5;56660.6;56520.9;33022.5;43555.2;33363.4;39001.6;33658.4;35672.0;36189.4;35226.3;36743.0;40938.6;21288.1;38403.0;59089.3;39085.6;39624.3;39232.2;41718.6;40136.7;40191.2;38840.2;39496.8;39332.3;39080.1;15778.5;0.0;43454.9;40973.7;39236.9;41825.7;41882.7;42332.7;42002.9;40769.8;41219.2;41199.3;40940.1;40860.7;43175.9;41004.4;42699.0;41616.4;41557.2;41360.8;40914.2;43944.6;42308.9;42205.0;43068.0;51405.6;43316.3;40701.1;48398.9;42903.9;48591.9;45085.5;38674.7;41523.6;39671.0;40678.2;38603.9;38994.3;40680.2;35357.0;34755.6;40668.7;42575.2;39155.4;38758.4;41135.4;43422.4;40486.0;50765.7;38559.0;42018.7;42637.7;20291.7;40037.5;40037.5;40037.5;40037.5;40037.5;40037.5;40037.5;40037.5
SOTO PAK ANTON;25830.8;25786.3;24741.8;22458.0;2437.0;2446.3;18532.0;18253.0;17374.4;18986.0;12884.0;10179.1;5107.5;12661.8;13880.9;12678.3;10526.3;5435.2;3463.9;16276.4;2057.1;25609.0;12122.7;12203.8;8490.0;8458.6;5872.0;18644.7;18505.0;7882.5;5539.4;7541.6;4453.3;7246.6;5233.0;4715.6;5678.7;4912.6;3568.9;22677.2;5051.9;21073.4;3656.1;4733.2;4750.1;4599.5;3318.2;3424.5;3410.7;3958.1;4122.6;1846.6;25149.5;40813.8;0.0;3069.5;2059.6;3809.8;3866.8;4316.9;3987.0;2685.1;2235.7;3183.4;3570.4;2621.7;5160.1;2988.5;4683.1;3600.6;3541.3;3630.7;3544.5;5928.8;4293.0;4189.1;5052.1;13389.7;506.8;3147.2;10383.0;4888.0;10576.0;7069.6;4780.2;4460.9;3783.9;2997.1;4618.7;4460.6;2999.1;5643.6;6149.4;4272.0;4559.4;4299.5;3328.9;3765.8;32.5;2968.9;12749.9;4895.9;4002.9;872.5;21680.8;3605.8;3605.8;3605.8;3605.8;3605.8;3605.8;3605.8;3605.8
ES KELAPA MUDA BU YATMI;25914.4;25869.9;24825.4;22541.6;2273.6;2109.5;18615.6;18336.6;17458.0;15934.8;12967.6;6987.0;2638.6;12745.4;13964.4;12761.9;10609.9;2384.1;601.5;19726.6;4445.5;25692.6;16185.3;16064.0;11940.1;11908.8;10290.8;16239.5;16099.9;7966.1;2488.2;7625.2;1984.4;7330.2;5316.6;4799.2;5762.3;4996.2;706.5;22760.8;2583.0;18022.3;3739.7;2264.3;2281.2;1737.1;913.0;1019.3;3494.3;1489.2;1653.7;3420.2;25233.1;40897.4;3033.9;0.0;4448.0;758.6;815.7;1265.7;935.9;348.7;798.2;778.3;708.0;439.7;2108.9;583.4;2277.9;770.9;490.2;485.1;682.2;2877.6;1241.9;1137.9;2647.0;10338.5;2895.2;284.8;7331.9;1836.9;7524.8;4018.5;2311.3;1409.8;1315.0;591.9;4702.3;1991.7;593.9;5727.2;6233.0;1409.6;1508.2;1830.6;3412.5;903.4;3001.4;563.7;9698.7;2427.0;951.7;2216.7;21764.4;955.3;955.3;955.3;955.3;955.3;955.3;955.3;955.3
BOBA SEPARUH HATI 2;24162.6;24118.2;23073.7;20789.9;6156.7;5992.6;16863.9;16584.9;15706.3;20400.2;11215.8;14145.8;6521.7;10993.7;12212.7;11010.2;9697.8;6849.4;4878.0;14216.8;2.6;23940.8;10063.1;10144.2;6430.3;6399.0;3812.4;20058.9;19919.2;6214.4;6953.5;6477.9;5867.5;6772.9;9199.7;8682.2;9645.3;8879.3;4983.1;21009.1;6466.1;22487.6;7622.8;6147.4;6164.3;6013.7;4732.4;4838.7;7377.4;5372.2;5536.8;3906.2;23481.4;39145.7;2059.6;4483.6;0.0;5224.0;5281.0;5731.0;5401.2;4099.3;3649.9;4597.6;4984.6;4035.9;6574.2;4402.7;6097.3;5014.7;4955.5;5044.9;4958.7;7342.9;5707.2;5603.3;6466.3;14803.9;1921.0;4561.4;11797.2;6302.2;11990.2;8483.8;6194.4;5875.1;5198.1;4411.3;8585.4;5874.8;4413.3;9610.3;10116.1;5686.1;5973.5;5713.7;7295.6;5180.0;2027.2;4383.0;14164.0;6310.1;5417.0;2286.7;20012.7;5020.0;5020.0;5020.0;5020.0;5020.0;5020.0;5020.0;5020.0
OMA THAI TEA;26091.3;26046.9;25002.4;22718.6;2450.6;2286.5;18792.6;18513.6;17634.9;15176.2;13144.5;7164.0;2815.6;12922.4;14141.4;12938.9;10786.9;1625.4;778.5;19903.6;5111.9;25869.5;16362.3;16240.9;12117.1;12085.8;10467.7;15991.9;15852.2;8143.1;1729.6;7802.2;2161.4;7507.2;5493.6;4976.1;5939.3;5173.2;883.5;22937.8;2760.0;17263.6;3916.7;2441.3;2458.2;1822.9;1413.1;1467.6;3671.3;1666.2;1830.7;3597.2;25410.1;41074.4;3700.3;814.3;5114.5;0.0;57.0;507.1;177.2;1015.2;1464.6;742.9;885.0;1106.1;1350.3;838.5;2030.3;707.9;350.5;300.4;859.2;2119.0;483.3;379.3;2399.3;9579.9;3561.7;541.8;6573.3;1078.3;6766.2;3259.8;2488.3;651.2;1492.0;940.9;4879.3;2168.7;938.9;5904.2;6410.0;1586.6;749.6;2007.6;3589.5;1080.4;3667.9;1356.9;8940.1;2604.0;193.1;2883.2;21941.4;1132.3;1132.3;1132.3;1132.3;1132.3;1132.3;1132.3;1132.3
WARUNG LESEHAN SUGARNI;26065.1;26020.6;24976.1;22692.3;2424.3;2260.2;18766.3;18487.3;17608.7;15119.2;13118.3;7137.7;2789.3;12896.1;14115.2;12912.6;10760.6;1568.4;752.2;19877.3;5085.6;25843.3;16336.0;16214.7;12090.9;12059.5;10441.5;16048.9;15909.2;8116.8;1672.5;7775.9;2135.1;7480.9;5467.3;4949.9;5913.0;5146.9;857.3;22911.5;2733.7;17206.6;3890.4;2415.0;2431.9;1765.8;1386.8;1441.4;3645.0;1639.9;1804.4;3570.9;25383.8;41048.1;3674.0;788.0;5088.2;57.0;0.0;450.0;150.9;988.9;1438.3;800.0;858.8;1079.9;1293.2;895.6;2087.3;765.0;407.5;357.5;832.9;2061.9;426.2;322.3;2456.3;9522.9;3535.4;515.5;6516.2;1021.2;6709.2;3202.8;2462.0;594.1;1465.7;914.6;4853.0;2142.4;912.6;5877.9;6383.7;1560.3;692.5;1981.3;3563.2;1054.1;3641.6;1203.9;8883.0;2577.7;166.8;2856.9;21915.1;1106.0;1106.0;1106.0;1106.0;1106.0;1106.0;1106.0;1106.0
LESEHAN KHAS SOLO MBAH BAGONG 2;26524.5;26480.0;25435.5;23151.8;2883.8;2719.6;19225.8;18946.7;18068.1;15249.8;13577.7;6970.8;3248.8;13355.5;14574.6;13372.0;11220.0;1699.0;1211.6;20336.8;5545.1;26302.7;16795.4;16674.1;12550.3;12518.9;10900.9;16508.3;16368.7;8576.2;1803.2;8235.4;2594.6;7940.4;5926.8;5409.3;6372.4;5606.4;1316.7;23371.0;3193.1;17337.2;4349.9;2874.5;2891.3;1315.8;1846.3;1900.8;4104.5;2099.3;2263.8;4030.3;25843.2;41507.5;4133.5;1247.5;5547.6;516.5;459.4;0.0;610.4;1448.3;1897.8;1259.4;1318.2;1539.3;1423.9;1355.0;2546.8;1224.4;867.0;816.9;1292.3;2192.6;63.7;127.8;2915.8;9072.8;3994.8;975.0;6646.9;1151.9;6839.8;2752.7;2921.5;231.6;1925.1;1374.0;5312.5;2601.8;1372.0;6337.4;6843.2;1393.4;242.5;2440.8;4022.7;1513.6;4101.0;1663.3;9013.7;3037.1;626.2;3316.3;22374.6;1565.5;1565.5;1565.5;1565.5;1565.5;1565.5;1565.5;1565.5
Bakso & Soto Pak Wariyun;25914.1;25869.6;24825.1;22541.4;2273.4;2109.2;18615.4;18336.3;17457.7;15788.5;12967.3;6986.7;2638.4;12745.2;13964.2;12761.6;10609.6;2237.7;601.2;19726.4;4934.7;25692.3;16185.0;16063.7;11939.9;11908.6;10290.5;16728.7;16589.1;7965.8;2341.9;7625.0;1984.2;7330.0;5316.4;4798.9;5762.0;4996.0;706.3;22760.6;2582.7;17875.9;3739.5;2264.1;2280.9;1736.9;1235.9;1290.4;3494.1;1488.9;1653.5;3419.9;25232.8;40897.1;3523.1;637.1;4937.3;612.3;669.3;823.9;0.0;837.9;1287.4;1267.5;707.8;928.9;1962.6;1072.6;2767.2;1684.6;864.8;587.3;681.9;2731.3;760.2;864.1;3136.2;9896.7;3384.4;364.6;7185.5;1690.6;7378.5;3576.6;2311.1;592.3;1314.7;763.6;4702.1;1991.4;761.6;5727.0;6232.8;1409.3;1066.3;1830.4;3412.3;903.2;3490.6;1052.9;9552.4;2426.7;15.9;2705.9;21764.2;955.1;955.1;955.1;955.1;955.1;955.1;955.1;955.1
Panda Asian Food;25698.1;25653.6;24609.1;22325.4;2057.4;1893.3;18399.4;18120.3;17241.7;16300.9;12751.3;10046.5;2422.4;12529.2;13748.2;12545.6;10393.7;2750.1;778.7;19510.4;4096.8;25476.3;15969.0;15847.7;11723.9;11692.6;10074.5;15959.5;15819.9;7749.8;2854.2;7409.0;1768.2;7114.0;5100.4;4582.9;5546.0;4780.0;883.8;22544.6;2366.7;18388.3;3523.5;2048.1;2064.9;1914.4;633.0;739.4;3278.1;1272.9;1437.5;3203.9;25016.8;40681.1;2685.1;384.3;4099.3;1124.6;1181.7;1631.7;1301.9;0.0;449.4;498.3;885.3;91.0;2474.9;303.4;1998.0;915.4;856.2;945.6;859.4;3243.6;1607.9;1504.0;2367.0;10704.6;2546.5;462.1;7697.9;2202.9;7890.9;4384.5;2095.1;1775.8;1098.7;311.9;4486.1;1775.5;313.9;5511.0;6016.8;1586.8;1874.2;1614.4;3196.3;1080.7;2652.7;283.7;10064.7;2210.8;1317.7;1868.0;21548.2;920.7;920.7;920.7;920.7;920.7;920.7;920.7;920.7
MIE AYAM MAS BAGONG;26147.6;26103.1;25058.6;22774.8;2506.8;2342.7;18848.8;18569.8;17691.2;16750.3;13200.8;10495.9;2871.8;12978.6;14197.7;12995.1;10843.1;3199.5;1228.2;19959.8;3647.3;25925.8;16418.5;16297.2;12173.4;12142.0;10524.0;16409.0;16269.3;8199.3;3303.7;7858.4;2217.6;7563.4;5549.8;5032.4;5995.5;5229.4;1333.2;22994.0;2816.2;18837.7;3972.9;2497.5;2514.4;2363.8;1082.5;1188.8;3727.5;1722.4;1886.9;3653.4;25466.3;41130.6;2235.7;833.8;3649.9;1574.1;1631.1;2081.2;1751.3;449.4;0.0;947.7;1334.7;386.0;2924.4;752.8;2447.4;1364.9;1305.6;1395.0;1308.8;3693.1;2057.3;1953.4;2816.4;11154.0;2097.1;911.5;8147.3;2652.3;8340.3;4833.9;2544.5;2225.2;1548.2;761.4;4935.5;2224.9;763.4;5960.4;6466.2;2036.3;2323.7;2063.8;3645.7;1530.1;2203.2;733.1;10514.1;2660.2;1767.2;1418.5;21997.6;1370.1;1370.1;1370.1;1370.1;1370.1;1370.1;1370.1;1370.1
Es Guppy19;26127.6;26083.2;25038.7;22754.9;2486.9;2322.8;18828.9;18549.9;17671.3;15901.9;13180.8;10476.0;2851.9;12958.7;14177.7;12975.2;10823.2;2351.1;1208.2;19939.9;4595.0;25905.8;16398.6;16277.3;12153.4;12122.1;10504.1;15560.6;15420.9;8179.4;2455.2;7838.5;2197.7;7543.5;5529.9;5012.5;5975.6;5209.5;1313.3;22974.1;2796.3;17989.3;3953.0;2477.6;2494.5;2548.5;1062.6;1168.9;3707.6;1702.5;1867.0;3633.5;25446.4;41110.7;3183.4;813.9;4597.6;725.7;782.7;1232.7;902.9;498.3;947.7;0.0;1314.8;589.2;2075.9;194.9;1599.0;516.4;457.2;336.2;1288.9;2844.6;1208.9;1105.0;1968.0;10305.6;3044.8;891.6;7298.9;1803.9;7491.9;3985.5;2524.6;1376.8;1528.3;741.5;4915.6;2205.0;743.5;5940.5;6446.3;2016.3;1475.2;2043.9;3625.8;1510.2;3151.0;713.2;9665.7;2640.3;918.7;2366.3;21977.7;1350.2;1350.2;1350.2;1350.2;1350.2;1350.2;1350.2;1350.2
ES GUPPY KSATRIAN (BL4016);25868.4;25824.0;24779.5;22495.7;2227.7;2063.6;18569.7;18290.7;17412.1;16340.1;12921.6;6303.4;2592.7;12699.5;13918.5;12716.0;10564.0;2789.4;555.6;19680.7;4993.3;25646.6;16139.4;16018.0;11894.2;11862.9;10244.8;16787.4;16647.7;7920.2;2893.5;7579.3;1938.5;7284.3;5270.7;4753.2;5716.4;4950.3;22.9;22714.9;2537.1;18427.6;3693.8;2218.4;2235.3;1029.1;1190.2;1244.7;3448.4;1443.3;1607.8;3374.3;25187.2;40851.5;3581.7;695.7;4995.9;1454.4;1549.8;1177.8;871.7;896.6;1346.0;1326.1;0.0;987.6;2514.2;1131.2;2825.8;1743.3;1185.9;1082.8;25.9;3282.9;1114.2;1218.1;3194.8;10250.7;3443.1;423.2;7737.2;2242.2;7930.1;3930.6;2265.4;946.3;1269.1;718.0;4656.4;1945.8;716.0;5681.3;6187.1;726.0;1420.3;1784.7;3366.6;219.8;3549.3;1111.6;10104.0;2381.1;887.6;2764.6;21718.5;909.4;909.4;909.4;909.4;909.4;909.4;909.4;909.4
Toko GREEN POINT;25789.1;25744.6;24700.1;22416.4;2148.4;1984.2;18490.3;18211.3;17332.7;16391.8;12842.3;10137.5;2513.4;12620.1;13839.2;12636.6;10484.6;2841.0;869.7;19601.3;4033.3;25567.3;16060.0;15938.7;11814.9;11783.5;10165.5;16050.5;15910.9;7840.8;2945.2;7499.9;1859.2;7205.0;5191.4;4673.9;5637.0;4871.0;974.7;22635.6;2457.7;18479.2;3614.5;2139.1;2155.9;2005.3;724.0;830.3;3369.1;1363.9;1528.4;3294.9;25107.8;40772.1;2621.7;475.3;4035.9;1215.6;1272.7;1722.7;1392.8;91.0;386.0;589.2;976.2;0.0;2565.9;394.4;2088.9;1006.4;947.1;1036.5;950.4;3334.6;1698.9;1594.9;2457.9;10795.5;2483.1;553.0;7788.9;2293.9;7981.8;4475.4;2186.1;1866.8;1189.7;402.9;4577.0;1866.4;404.9;5602.0;6107.7;1677.8;1965.2;1705.4;3287.3;1171.6;2589.3;374.7;10155.7;2301.7;1408.7;1804.6;21639.2;1011.6;1011.6;1011.6;1011.6;1011.6;1011.6;1011.6;1011.6
POP ICE CERIA;27358.3;27313.8;26269.3;23985.6;3717.6;3553.4;20059.6;19780.5;18901.9;14012.6;14411.5;8430.9;4082.6;14189.3;15408.4;14205.8;12053.8;461.8;2045.4;21170.5;6378.9;27136.5;17629.2;17507.9;13384.1;13352.7;11734.7;18173.4;18033.8;9410.0;566.0;9069.2;3428.4;8774.2;6760.6;6243.1;7206.2;6440.2;2150.5;24204.8;4026.9;16100.0;5183.7;3708.3;3725.1;2748.8;2680.1;2734.6;4938.3;2933.1;3097.6;4864.1;26677.0;42341.3;4967.3;2081.3;6381.4;1350.3;1293.2;1433.0;1444.2;2282.1;2731.6;2093.2;2152.0;2373.1;0.0;2188.8;3380.6;2058.2;1700.8;1650.7;2126.1;955.4;1409.1;1305.2;1885.0;10505.8;4828.6;1808.7;5409.6;272.0;5602.6;4185.7;3755.3;1577.0;2758.9;2207.8;6146.2;3435.6;2205.8;7171.2;7676.9;2853.5;1675.4;3274.6;4856.5;2347.4;4934.8;2497.1;7776.5;3870.9;1460.0;4150.1;23208.4;2399.3;2399.3;2399.3;2399.3;2399.3;2399.3;2399.3;2399.3
RM PADANG JINGGLANG;25932.8;25888.3;24843.8;22560.0;2292.1;2127.9;18634.0;18355.0;17476.4;15997.5;12986.0;10281.1;2657.0;12763.8;13982.9;12780.3;10628.3;2446.7;1013.4;19745.0;4400.2;25711.0;16203.7;16082.4;11958.6;11927.2;10309.2;15656.2;15516.5;7984.5;2550.8;7643.6;2002.8;7348.6;5335.0;4817.6;5780.7;5014.6;1118.4;22779.2;2601.4;18084.9;3758.1;2282.7;2299.6;2644.1;867.7;974.0;3512.7;1507.6;1672.1;3438.6;25251.5;40915.8;2988.5;619.0;4402.7;821.3;878.3;1328.3;998.5;303.4;752.8;194.9;1119.9;394.4;2171.5;0.0;1694.6;612.0;552.8;642.2;1094.0;2940.2;1304.5;1200.6;2063.6;10401.2;2849.9;696.7;7394.5;1899.5;7587.5;4081.1;2329.7;1472.4;1333.4;546.6;4720.7;2010.1;548.6;5745.6;6251.4;1821.5;1570.8;1849.0;3430.9;1315.3;2956.1;518.4;9761.3;2445.4;1014.3;2171.4;21782.8;1155.3;1155.3;1155.3;1155.3;1155.3;1155.3;1155.3;1155.3
Bakso,soto & Mie Ayam Pak Wariyun;27607.4;27562.9;26518.4;24234.7;3966.7;3802.5;20308.7;20029.6;19151.0;11818.4;14660.6;11955.8;4331.7;14438.4;15657.5;14454.9;12302.9;3700.3;2853.3;21419.7;6074.8;27385.6;17878.3;17757.0;13633.2;13601.8;11983.8;13961.6;13821.9;9659.1;3804.4;9318.3;3677.5;9023.3;7009.7;6492.2;7455.3;6689.3;2958.4;24453.9;4276.0;19338.5;5432.8;3957.4;3974.2;3897.8;2542.3;2648.6;5187.4;3182.2;3346.7;5113.2;26926.1;42590.4;4663.2;2293.6;6077.3;2074.9;2131.9;2582.0;2252.1;1978.0;2427.5;1579.0;2959.9;2069.0;3425.1;1674.6;0.0;1380.8;1806.4;1895.8;2934.0;4193.8;2558.1;2454.2;627.4;11654.8;4524.5;2371.4;8648.1;3153.1;8841.1;5334.7;4004.4;2726.0;3008.0;2221.2;6395.4;3684.7;2223.2;7420.3;7926.1;3661.4;2824.4;3523.7;5105.6;3155.3;4630.7;2193.0;11014.9;4120.0;2267.9;3846.0;23457.5;2830.0;2830.0;2830.0;2830.0;2830.0;2830.0;2830.0;2830.0
D TEKO (BL4059);26815.6;26771.1;25726.6;23442.8;3174.9;3010.7;19516.8;19237.8;18359.2;15900.4;13868.8;7888.2;3539.8;13646.6;14865.7;13663.1;11511.1;2349.7;1502.7;20627.8;5045.8;26593.8;17086.5;16965.2;12841.4;12810.0;11192.0;15342.4;15202.8;8867.3;2453.8;8526.4;2885.6;8231.4;6217.8;5700.4;6663.5;5897.5;1607.8;23662.1;3484.2;17987.9;4640.9;3165.6;3182.4;2547.1;1513.3;1619.7;4395.5;2390.4;2554.9;4321.4;26134.3;41798.6;3634.2;726.8;5048.4;724.2;781.3;1231.3;901.5;949.0;1398.5;550.1;1609.3;1040.0;2074.5;645.7;1380.8;0.0;455.8;545.2;1583.4;2843.2;1207.5;1103.5;1749.9;10304.2;3495.5;1266.0;7297.5;1802.5;7490.4;3984.1;3212.5;1375.4;2216.2;1192.2;5603.5;2892.9;1194.2;6628.4;7134.2;2310.8;1473.8;2731.9;4313.7;1804.6;3601.7;1164.0;9664.3;3328.2;917.3;2817.0;22665.6;1856.5;1856.5;1856.5;1856.5;1856.5;1856.5;1856.5;1856.5
Yogya Chicken;26537.7;26493.2;25448.7;23165.0;2897.0;2732.8;19239.0;18959.9;18081.3;15622.6;13590.9;7610.3;3262.0;13368.7;14587.8;13385.2;11233.2;2071.8;1224.8;20350.0;4888.2;26315.9;16808.6;16687.3;12563.5;12532.1;10914.1;15641.4;15501.7;8589.4;2175.9;8248.6;2607.8;7953.6;5940.0;5422.5;6385.6;5619.6;1329.9;23384.2;3206.3;17710.0;4363.1;2887.7;2904.5;2269.3;1355.7;1462.0;4117.7;2112.5;2277.0;4043.5;25856.4;41520.7;3476.6;448.9;4890.7;446.4;503.4;953.5;623.6;791.4;1240.9;392.4;1331.4;882.4;1796.6;488.0;1679.8;357.4;0.0;267.3;1305.5;2565.3;929.6;825.7;2048.8;10026.3;3337.9;988.2;7019.6;1524.6;7212.6;3706.2;2934.7;1097.5;1938.3;1034.6;5325.7;2615.0;1036.6;6350.6;6856.4;2032.9;1195.9;2454.0;4035.9;1526.8;3444.1;1006.4;9386.4;3050.3;639.4;2659.4;22387.8;1578.7;1578.7;1578.7;1578.7;1578.7;1578.7;1578.7;1578.7
Mrikiniki Angkringan And Gallery;26159.5;26115.0;25070.5;22786.8;2518.8;2354.6;18860.8;18581.7;17703.1;15476.6;13212.7;7232.1;2883.8;12990.5;14209.6;13007.0;10855.0;1925.9;846.6;19971.7;4931.3;25937.7;16430.4;16309.1;12185.3;12153.9;10535.9;15873.3;15733.6;8211.2;2030.0;7870.4;2229.6;7575.4;5561.8;5044.3;6007.4;5241.4;951.7;23006.0;2828.1;17564.0;3984.9;2509.5;2526.3;2123.3;1481.3;1535.8;3739.5;1734.3;1898.8;3665.3;25478.2;41142.5;3519.6;485.1;4933.8;300.4;357.5;807.5;477.6;834.5;1283.9;336.2;953.2;925.5;1650.7;719.9;1911.7;589.3;415.3;0.0;927.3;2419.4;783.7;679.7;2280.7;9880.3;3381.0;609.9;6873.7;1378.7;7066.6;3560.2;2556.5;951.6;1560.1;1077.7;4947.5;2236.8;1079.7;5972.4;6478.2;1654.7;1050.0;2075.8;3657.7;1148.6;3487.2;1049.5;9240.5;2672.1;493.5;2702.5;22009.6;1200.5;1200.5;1200.5;1200.5;1200.5;1200.5;1200.5;1200.5
KA MILK TEA;25842.6;25798.1;24753.6;22469.8;2201.9;2037.7;18543.8;18264.8;17386.2;16366.0;12895.8;6304.8;2566.8;12673.6;13892.7;12690.1;10538.1;2815.2;529.7;19654.8;4967.5;25620.8;16113.5;15992.2;11868.4;11837.0;10219.0;16761.5;16621.8;7894.3;2919.4;7553.4;1912.6;7258.4;5244.8;4727.4;5690.5;4924.4;24.4;22689.0;2511.2;18453.4;3667.9;2192.5;2209.4;1055.0;1164.3;1218.9;3422.5;1417.4;1581.9;3348.4;25161.3;40825.6;3555.8;669.9;4970.0;1428.5;1485.5;1203.7;819.5;870.7;1320.1;1300.2;25.9;961.7;2540.1;1105.4;2799.9;1717.4;1160.0;1056.9;0.0;3308.8;1140.0;1244.0;3168.9;10276.6;3417.2;397.3;7763.1;2268.1;7956.0;3956.5;2239.5;972.1;1243.2;692.1;4630.5;1919.9;690.1;5655.4;6161.2;727.4;1446.2;1758.8;3340.7;221.3;3523.4;1085.7;10129.9;2355.2;835.3;2738.7;21692.6;883.5;883.5;883.5;883.5;883.5;883.5;883.5;883.5
Tom and Jelly Baleharjo;28127.0;28082.5;27038.0;24754.3;4486.3;4322.1;20828.3;20549.2;19670.6;13057.2;15180.2;9199.6;4851.3;14958.0;16177.1;14974.5;12822.5;493.5;2814.1;21939.2;7147.6;27905.2;18397.9;18276.6;14152.8;14121.4;12503.4;17218.1;17078.4;10178.7;389.4;9837.9;4197.1;9542.9;7529.3;7011.8;7974.9;7208.9;2919.2;24973.5;4795.6;15144.7;5952.4;4477.0;4493.8;3517.5;3448.8;3503.3;5707.0;3701.8;3866.3;5632.8;27445.7;43110.0;5736.0;2850.0;7150.1;2119.0;2061.9;2201.7;2212.9;3050.8;3500.3;2861.9;2920.7;3141.8;955.4;2957.5;4149.3;2826.9;2469.5;2419.4;2894.8;0.0;2177.8;2073.9;1786.5;11274.5;5597.3;2577.4;4454.3;1040.7;4647.2;4954.4;4524.0;2345.7;3527.6;2976.5;6914.9;4204.3;2974.5;7939.9;8445.6;3622.2;2444.1;4043.3;5625.2;3116.1;5703.5;3265.8;6821.1;4639.6;2228.7;4918.8;23977.1;3168.0;3168.0;3168.0;3168.0;3168.0;3168.0;3168.0;3168.0
Warung Makan Mbak Eny;26500.7;26456.2;25411.7;23127.9;2860.0;2695.8;19201.9;18922.9;18044.3;15226.0;13553.9;6907.1;3224.9;13331.7;14550.8;13348.2;11196.2;1675.2;1187.8;20312.9;5521.3;26278.9;16771.6;16650.3;12526.5;12495.1;10877.1;16484.5;16344.8;8552.4;1779.3;8211.5;2570.7;7916.5;5902.9;5385.5;6348.6;5582.6;1292.9;23347.2;3169.3;17313.4;4326.0;2850.7;2867.5;1379.5;1822.4;1877.0;4080.6;2075.5;2240.0;4006.5;25819.4;41483.7;4109.6;1223.7;5523.8;492.7;435.6;63.7;586.6;1424.5;1873.9;1235.6;1294.4;1515.5;1400.0;1331.2;2522.9;1200.6;843.1;793.1;1268.5;2168.7;0.0;103.9;2891.9;9136.5;3971.0;951.1;6623.0;1128.0;6816.0;2816.4;2897.6;167.9;1901.3;1350.2;5288.6;2578.0;1348.2;6313.5;6819.3;1329.7;306.2;2417.0;3998.8;1489.7;4077.2;1639.5;8989.8;3013.3;602.4;3292.5;22350.7;1541.6;1541.6;1541.6;1541.6;1541.6;1541.6;1541.6;1541.6
Mie Ayam Bakso Pak Muji;26396.7;26352.2;25307.7;23024.0;2756.0;2591.9;19098.0;18818.9;17940.3;15122.0;13449.9;7011.1;3121.0;13227.8;14446.8;13244.3;11092.3;1571.3;1083.9;20209.0;5417.3;26174.9;16667.6;16546.3;12422.5;12391.2;10773.1;16380.6;16240.9;8448.5;1675.4;8107.6;2466.8;7812.6;5799.0;5281.5;6244.6;5478.6;1188.9;23243.2;3065.4;17209.5;4222.1;2746.7;2763.6;1443.6;1718.5;1773.0;3976.7;1971.5;2136.1;3902.6;25715.4;41379.8;4005.7;1119.7;5419.9;388.7;331.7;127.8;482.6;1320.6;1770.0;1131.6;1190.4;1411.5;1296.1;1227.2;2419.0;1096.6;739.2;689.1;1164.5;2064.8;103.9;0.0;2788.0;9200.6;3867.1;847.2;6519.1;1024.1;6712.0;2880.5;2793.7;271.8;1797.4;1246.3;5184.7;2474.1;1244.3;6209.6;6715.4;1433.7;370.3;2313.0;3894.9;1385.8;3973.2;1535.5;8885.9;2909.4;498.5;3188.5;22246.8;1437.7;1437.7;1437.7;1437.7;1437.7;1437.7;1437.7;1437.7
Sambel Mentah P-3 Joyo Tamwiskul Dhaksinarga;27785.9;27741.4;26696.9;24413.2;4145.2;3981.0;20487.2;20208.1;19329.5;12445.8;14839.1;12134.3;4510.2;14616.9;15836.0;14633.4;12481.4;1423.2;3031.8;21598.1;6253.3;27564.1;18056.8;17935.5;13811.7;13780.3;12162.3;14589.0;14449.3;9837.6;1397.1;9496.7;3856.0;9201.8;7188.2;6670.7;7633.8;6867.8;3136.9;24632.4;4454.5;16931.2;5611.3;4135.9;4152.7;4076.2;2720.8;2827.1;5365.9;3360.7;3525.2;5291.7;27104.6;42768.9;4841.7;2472.1;6255.8;2253.4;2310.4;2760.4;2430.6;2156.5;2606.0;1757.5;3138.4;2247.5;1885.0;1853.1;627.4;1559.3;1984.9;2074.3;3112.5;1786.5;2736.6;2632.7;0.0;11833.3;4703.0;2549.8;6240.8;1970.3;6433.8;5513.2;4182.9;2904.5;3186.5;2399.7;6573.8;3863.2;2401.7;7598.8;8104.5;3839.9;3002.9;3702.2;5284.1;3333.8;4809.2;2371.5;8607.6;4298.5;2446.4;4024.5;23636.0;3008.4;3008.4;3008.4;3008.4;3008.4;3008.4;3008.4;3008.4
PAWON DUREN (BM);35597.3;35552.8;34508.4;32224.6;11956.6;11792.5;28298.6;28019.6;27140.9;24322.6;22650.5;14893.1;12321.6;22428.4;23647.4;22444.9;20292.9;10771.9;10284.5;29409.6;14617.9;35375.5;25868.3;25746.9;21623.1;21591.8;19973.7;25581.2;25441.5;17649.1;10876.0;17308.2;11667.4;17013.2;14999.6;14482.1;15445.2;14679.2;10389.5;32443.8;12266.0;26410.1;13422.7;11947.3;11964.2;8785.2;10919.1;10973.6;13177.3;11172.2;11336.7;13103.2;34916.0;50580.4;13206.3;10320.3;14620.5;9589.3;9532.3;9072.8;9683.2;10521.2;10970.6;10332.3;10391.0;10612.1;10496.7;10427.9;11619.6;10297.2;9939.8;9889.7;10365.2;11265.4;9136.5;9200.6;11988.6;0.0;13067.7;10047.8;15719.7;10224.7;15912.6;6320.1;11994.3;9304.4;10998.0;10446.9;14385.3;11674.7;10444.9;15410.2;15916.0;10466.3;8830.3;11513.6;13095.5;10586.4;13173.8;10736.1;18086.5;12110.0;9699.1;12389.1;31447.4;10638.3;10638.3;10638.3;10638.3;10638.3;10638.3;10638.3;10638.3
LESEHAN MBOK IYEM;28244.6;28200.1;27155.6;24871.9;4603.9;4439.8;20945.9;20666.8;19788.2;18847.4;15297.8;12593.0;4968.9;15075.7;16294.7;15092.2;12940.2;5296.6;3325.2;16137.8;1918.4;28022.8;11984.1;12065.2;8351.3;8320.0;5733.3;18506.1;18366.4;10296.4;5400.7;9955.5;4314.7;9660.5;7646.9;7129.4;8092.5;7326.5;3430.3;25091.1;4913.3;20934.8;6070.0;4594.6;4611.5;4460.9;3179.5;3285.9;5824.6;3819.4;3984.0;2353.4;27563.3;43227.7;506.8;2930.8;1921.0;3671.1;3728.2;4178.2;3848.4;2546.5;2097.1;3044.8;3431.8;2483.1;5021.4;2849.9;4544.5;3461.9;3402.7;3492.1;3405.9;5790.1;4154.4;4050.5;4913.5;13251.1;0.0;3008.6;10244.4;4749.4;10437.4;6931.0;4641.6;4322.3;3645.3;2858.5;7032.6;4322.0;2860.4;8057.5;8563.3;4133.3;4420.7;4160.9;5742.8;3627.2;474.4;2830.2;12611.2;4757.3;3864.2;733.9;24094.7;3467.2;3467.2;3467.2;3467.2;3467.2;3467.2;3467.2;3467.2
Rumah Makan Sederhana;25629.5;25585.0;24540.5;22256.8;1988.8;1824.6;18330.8;18051.7;17173.1;16207.4;12682.7;6702.1;2353.8;12460.6;13679.6;12477.0;10325.0;2656.6;316.6;19441.8;4570.1;25407.7;15900.4;15779.1;11655.3;11623.9;10005.9;16364.2;16224.5;7681.2;2760.7;7340.4;1699.6;7045.4;5031.8;4514.3;5477.4;4711.4;421.7;22476.0;2298.1;18294.8;3454.9;1979.5;1996.3;1452.3;951.3;1005.8;3209.5;1204.3;1368.8;3135.3;24948.2;40612.5;3158.5;272.5;4572.7;1031.2;1088.2;1538.3;1208.4;473.4;922.8;902.9;423.2;564.4;2381.4;708.0;2402.6;1320.1;762.7;659.6;397.3;3150.1;1514.4;1410.5;2771.6;10611.1;3019.9;0.0;7604.4;2109.4;7797.4;4291.0;2026.5;1006.7;1030.1;479.0;4417.5;1706.8;477.0;5442.4;5948.2;1124.7;1780.7;1545.8;3127.7;618.6;3126.1;688.3;9971.2;2142.1;1224.2;2341.4;21479.6;670.5;670.5;670.5;670.5;670.5;670.5;670.5;670.5
KEDAI WOLU (BM5018);32581.1;32536.6;31492.1;29208.3;8940.4;8776.2;25282.3;25003.3;24124.7;8872.0;19634.3;13653.7;9305.4;19412.1;20631.2;19428.6;17276.6;4947.6;7268.2;26393.3;11601.7;32359.3;22852.0;22730.7;18606.9;18575.5;16957.5;12763.8;12624.1;14632.8;4843.5;14291.9;8651.1;13996.9;11983.3;11465.9;12429.0;11663.0;7373.3;29427.6;9249.7;10959.5;10406.5;8931.1;8947.9;7971.5;7902.9;7957.4;10161.1;8155.9;8320.4;10086.9;31899.8;47564.1;10190.0;7304.1;11604.2;6573.1;6516.0;6655.7;6667.0;7504.9;7954.3;7316.0;7374.8;7595.9;5409.4;7411.6;8603.3;7281.0;6923.6;6873.5;7348.9;4454.1;6631.9;6528.0;6240.6;15728.6;10051.4;7031.5;0.0;5494.8;462.0;9408.5;8978.0;6799.8;7981.7;7430.6;11369.0;8658.4;7428.6;12394.0;12899.7;8076.3;6898.2;8497.4;10079.2;7570.1;10157.6;7719.9;2635.9;9093.7;6682.8;9372.9;28431.1;7622.0;7622.0;7622.0;7622.0;7622.0;7622.0;7622.0;7622.0
BAKSO DAN SOTO BETAWI SARI RASA;27086.3;27041.8;25997.3;23713.5;3445.6;3281.4;19787.5;19508.5;18629.9;14098.0;14139.5;8158.9;3810.5;13917.3;15136.4;13933.8;11781.8;547.2;1773.4;20898.5;6106.9;26864.5;17357.2;17235.9;13112.1;13080.7;11462.7;18258.8;18119.1;9138.0;651.3;8797.1;3156.3;8502.1;6488.5;5971.1;6934.2;6168.2;1878.5;23932.8;3754.9;16185.4;4911.6;3436.3;3453.1;2476.7;2408.1;2462.6;4666.2;2661.1;2825.6;4592.1;26405.0;42069.3;4695.2;1809.3;6109.4;1078.3;1021.2;1160.9;1172.2;2010.1;2459.5;1821.2;1880.0;2101.1;272.0;1916.8;3108.5;1786.2;1428.8;1378.7;1854.1;1040.7;1137.1;1033.2;1970.3;10233.8;4556.6;1536.7;5495.0;0.0;5688.0;3913.7;3483.2;1305.0;2486.9;1935.8;5874.2;3163.6;1933.8;6899.2;7404.9;2581.5;1403.4;3002.6;4584.4;2075.3;4662.8;2225.1;7861.8;3598.9;1188.0;3878.1;22936.3;2127.2;2127.2;2127.2;2127.2;2127.2;2127.2;2127.2;2127.2
JELLY POTTER SEMANU;32774.0;32729.5;31685.1;29401.3;9133.3;8969.2;25475.3;25196.3;24317.6;8410.0;19827.2;13846.7;9498.3;19605.1;20824.1;19621.6;17469.6;5140.6;7461.2;26586.3;11794.6;32552.2;23045.0;22923.6;18799.8;18768.5;17150.4;13225.9;13086.2;14825.8;5036.4;14484.9;8844.1;14189.9;12176.3;11658.8;12621.9;11855.9;7566.2;29620.5;9442.7;10497.4;10599.4;9124.0;9140.9;8164.5;8095.8;8150.3;10354.0;8348.9;8513.4;10279.9;32092.7;47757.1;10383.0;7497.0;11797.2;6766.0;6709.0;6848.7;6859.9;7697.9;8147.3;7509.0;7567.7;7788.8;5602.4;7604.6;8796.3;7473.9;7116.5;7066.4;7541.9;4647.0;6824.9;6720.9;6433.6;15921.5;10244.4;7224.5;462.0;5687.8;0.0;9601.4;9171.0;6992.8;8174.7;7623.6;11562.0;8851.4;7621.6;12586.9;13092.7;8269.3;7091.2;8690.3;10272.2;7763.1;10350.5;7912.8;2173.9;9286.7;6875.8;9565.8;28624.1;7815.0;7815.0;7815.0;7815.0;7815.0;7815.0;7815.0;7815.0
Candu Bobamilk II;29277.2;29232.8;28188.3;25904.5;5636.5;5472.4;21978.5;21699.5;20820.9;18002.6;16330.4;8642.4;6001.5;16108.3;17327.3;16124.8;13972.8;4451.8;3964.4;23089.5;8297.8;29055.4;19548.2;19426.8;15303.0;15271.7;13653.6;19261.1;19121.4;11329.0;4555.9;10988.1;5347.3;10693.1;8679.5;8162.0;9125.2;8359.1;4069.4;26123.7;5945.9;20090.0;7102.6;5627.2;5644.1;2465.1;4599.0;4653.5;6857.2;4852.1;5016.6;6783.1;28596.0;44260.3;6886.2;4000.2;8300.4;3269.2;3212.2;2752.7;3363.1;4201.1;4650.5;4012.2;4070.9;4292.0;4176.6;4107.8;5299.5;3977.1;3619.7;3569.6;4045.1;4945.3;2816.4;2880.5;5668.5;6320.1;6747.6;3727.7;9399.6;3904.6;9592.6;0.0;5674.2;2984.3;4677.9;4126.8;8065.2;5354.6;4124.8;9090.1;9595.9;4146.2;2510.3;5193.5;6775.4;4266.3;6853.8;4416.0;11766.4;5789.9;3379.0;6069.1;25127.3;4318.2;4318.2;4318.2;4318.2;4318.2;4318.2;4318.2;4318.2
Rumah Tempe Gunung Kidul;23603.0;23558.5;22514.1;20230.3;1010.6;900.3;16304.3;16025.3;15146.6;18327.2;10656.2;7951.4;327.3;10434.1;11653.1;10450.6;8298.6;4776.4;1709.8;17415.3;6191.8;23381.2;13874.0;13752.6;9628.8;9597.5;7979.4;17985.9;17846.2;5654.8;4880.6;5313.9;326.9;5018.9;3005.3;2487.8;3451.0;2684.9;2263.9;20449.5;271.7;20414.6;1428.4;1195.0;802.8;3043.9;1462.0;1516.6;1183.0;822.1;657.6;1108.9;22921.7;38586.1;4780.2;2299.0;6194.4;3151.0;3208.0;3658.1;3328.2;2095.1;2544.5;2524.6;2265.4;2186.1;4501.3;2329.7;4024.3;2941.8;2882.5;2686.1;2239.5;5270.0;3634.2;3530.3;4393.3;12730.9;4641.6;2026.5;9724.2;4229.2;9917.2;6410.8;0.0;2848.9;996.3;2003.5;2391.0;319.6;2005.5;3415.9;3921.7;1994.0;3900.6;480.7;1101.2;2460.8;4747.8;1811.4;12091.0;115.7;3344.1;3963.1;19453.1;1362.8;1362.8;1362.8;1362.8;1362.8;1362.8;1362.8;1362.8
PUTRA JUICE;26668.6;26624.1;25579.6;23295.8;3027.9;2863.7;19369.8;19090.8;18212.2;15393.9;13721.8;6739.2;3392.8;13499.6;14718.7;13516.1;11364.1;1843.1;1355.7;20480.8;5689.2;26446.8;16939.5;16818.2;12694.4;12663.0;11045.0;16652.4;16512.7;8720.3;1947.2;8379.4;2738.6;8084.4;6070.8;5553.4;6516.5;5750.5;1460.8;23515.1;3337.2;17481.3;4493.9;3018.6;3035.4;1208.9;1990.3;2044.9;4248.5;2243.4;2407.9;4174.4;25987.3;41651.6;4277.5;1391.6;5691.7;660.5;603.5;231.6;754.5;1592.4;2041.8;1403.5;1462.3;1683.4;1567.9;1499.1;2690.8;1368.5;1011.0;961.0;1436.4;2336.6;167.9;271.8;3059.8;9304.4;4138.9;1119.0;6790.9;1295.9;6983.9;2984.3;3065.5;0.0;2069.2;1518.1;5456.5;2745.9;1516.1;6481.4;6987.2;1161.8;474.1;2584.9;4166.7;1057.2;4245.1;1807.4;9157.7;3181.2;770.3;3460.4;22518.6;1709.5;1709.5;1709.5;1709.5;1709.5;1709.5;1709.5;1709.5
LOTEK IBU KUS;24599.4;24554.9;23510.4;21226.6;958.7;794.5;17300.6;17021.6;16143.0;17330.9;11652.6;8947.7;1323.6;11430.4;12649.5;11446.9;9294.9;3780.1;713.5;18411.6;5195.5;24377.6;14870.3;14749.0;10625.2;10593.8;8975.8;16989.5;16849.9;6651.1;3884.2;6310.2;669.4;6015.2;4001.6;3484.2;4447.3;3681.3;1267.6;21445.9;1268.0;19418.3;2424.7;1143.2;884.1;2047.6;465.7;520.2;2179.3;174.2;338.7;2105.2;23918.1;39582.4;3783.9;1302.7;5198.1;2154.6;2211.7;2661.7;2331.9;1098.7;1548.2;1528.3;1269.1;1189.7;3504.9;1333.4;3028.0;1945.4;1886.2;1689.7;1243.2;4273.6;2637.9;2534.0;3397.0;11734.6;3645.3;1030.1;8727.9;3232.9;8920.9;5414.5;996.3;1852.6;0.0;1007.2;3387.3;676.7;1009.2;4412.3;4918.0;997.6;2904.2;515.7;2097.5;1464.4;3751.4;815.0;11094.7;1112.0;2347.7;2966.7;20449.4;366.5;366.5;366.5;366.5;366.5;366.5;366.5;366.5
Taman Kuliner Wonosari;25606.6;25562.1;24517.6;22233.8;1965.8;1801.7;18307.8;18028.8;17150.2;16544.1;12659.8;9954.9;2330.8;12437.6;13656.7;12454.1;10302.1;2993.3;469.1;19418.8;4408.7;25384.8;15877.5;15756.2;11632.4;11601.0;9983.0;16202.7;16063.1;7658.3;3097.4;7317.4;1676.6;7022.4;5008.8;4491.4;5454.5;4688.4;716.5;22453.0;2275.2;18631.5;3431.9;1956.5;1973.4;1747.1;541.5;647.8;3186.5;1181.4;1345.9;3112.4;24925.3;40589.6;2997.1;627.5;4411.3;1367.8;1424.9;1874.9;1545.1;311.9;761.4;741.5;718.0;402.9;2718.1;546.6;2241.2;1158.6;1099.4;1188.8;692.1;3486.8;1851.1;1747.2;2610.2;10947.8;2858.5;479.0;7941.1;2446.1;8134.1;4627.7;2003.5;2019.0;1007.2;0.0;4394.5;1683.9;2.0;5419.4;5925.2;1811.0;2117.4;1522.8;3104.7;913.3;2964.6;192.1;10307.9;2119.2;1560.9;2179.9;21456.6;829.1;829.1;829.1;829.1;829.1;829.1;829.1;829.1
Warjo Gundul;24123.1;24078.6;23034.1;20750.3;3381.8;3271.5;16824.3;16545.3;15666.7;20698.4;11176.3;5560.4;2079.6;10954.1;12173.2;10970.6;4148.2;7147.6;4081.1;17935.3;8563.1;23901.3;14394.0;14272.7;10148.9;10117.5;8499.5;20357.1;20217.4;6174.8;7251.8;5833.9;2698.1;5538.9;3525.3;3007.9;3971.0;3205.0;4635.1;20969.6;2099.6;22785.8;962.6;3320.9;2928.7;5415.1;3833.3;3887.8;1208.0;3193.4;3028.9;2776.7;23441.8;39106.1;7151.4;4670.2;8565.6;5522.2;5579.2;6029.3;5699.4;4466.3;4915.7;4895.8;4636.6;4557.3;6872.5;4701.0;6395.5;5313.0;5253.7;5057.3;4610.8;7641.2;6005.5;5901.5;6764.5;15102.1;7012.8;4397.7;12095.5;6600.5;12288.4;8782.0;2371.2;5220.1;3367.6;4374.7;0.0;2690.9;4376.7;3936.0;4441.7;4365.2;6271.8;2851.9;1289.8;4832.0;7119.0;4182.6;14462.3;2255.6;5715.3;6334.3;19973.1;3734.0;3734.0;3734.0;3734.0;3734.0;3734.0;3734.0;3734.0
RESTO RAKYAT REMEN TEMEN;23922.7;23878.2;22833.7;20549.9;691.0;580.7;16623.9;16344.9;15466.3;18007.6;10975.9;8271.0;646.9;10753.7;11972.8;10770.2;8618.2;4456.8;1390.2;17734.9;5872.2;23700.9;14193.6;14072.3;9948.5;9917.1;8299.1;17666.3;17526.6;5974.4;4560.9;5633.5;7.3;5338.5;3324.9;2807.5;3770.6;3004.5;1944.3;20769.1;591.3;20095.0;1748.0;1819.9;1081.3;2724.3;1142.4;1196.9;1502.6;502.5;338.0;1428.5;23241.4;38905.7;4460.6;1979.4;5874.8;2831.4;2888.4;3338.4;3008.6;1775.5;2224.9;2205.0;1945.8;1866.4;4181.6;2010.1;3704.7;2622.1;2562.9;2366.5;1919.9;4950.3;3314.6;3210.7;4073.7;12411.3;4322.0;1706.8;9404.6;3909.6;9597.6;6091.2;319.6;2529.3;676.7;1683.9;2710.6;0.0;1685.9;3735.5;4241.3;1674.4;3580.9;161.1;1420.8;2141.1;4428.1;1491.7;11771.4;435.3;3024.4;3643.4;19772.7;1043.2;1043.2;1043.2;1043.2;1043.2;1043.2;1043.2;1043.2
Duren Naraya;25608.6;25564.1;24519.6;22235.8;1967.8;1803.7;18309.8;18030.8;17152.2;16546.0;12661.8;9956.9;2332.8;12439.6;13658.6;12456.1;10304.1;2995.3;467.1;19420.8;4410.7;25386.8;15879.5;15758.2;11634.3;11603.0;9985.0;16204.7;16065.1;7660.3;3099.4;7319.4;1678.6;7024.4;5010.8;4493.4;5456.5;4690.4;714.5;22455.0;2277.2;18633.5;3433.9;1958.5;1975.4;1745.1;543.5;649.8;3188.5;1183.4;1347.9;3114.4;24927.3;40591.6;2999.1;629.5;4413.3;1369.8;1426.9;1876.9;1547.1;313.9;763.4;743.5;716.0;404.9;2720.1;548.6;2243.2;1160.6;1101.4;1190.8;690.1;3488.8;1853.1;1749.1;2612.2;10949.8;2860.4;477.0;7943.1;2448.1;8136.0;4629.7;2005.5;2021.0;1009.2;2.0;4396.5;1685.9;0.0;5421.4;5927.2;1813.0;2119.4;1524.8;3106.7;911.3;2966.6;194.1;10309.9;2121.2;1562.9;2181.9;21458.6;831.1;831.1;831.1;831.1;831.1;831.1;831.1;831.1
KAWAII KEDAI ES BUAH;20282.8;20238.3;19193.8;16910.0;4423.9;4313.6;12984.0;12705.0;11826.4;21740.5;7336.0;8432.8;3121.7;7113.8;8332.9;7130.3;4978.3;8189.7;5123.1;14095.0;9605.2;20061.0;10553.7;10432.4;6308.6;6277.2;4659.2;21399.2;21259.5;2334.5;8293.9;1993.6;3740.2;1698.6;410.6;928.1;130.7;1481.7;5677.2;17129.2;3141.7;23827.9;3824.3;4363.0;3970.8;6457.2;4875.4;4929.9;3578.9;4235.5;4070.9;3818.8;19601.5;35265.8;8193.5;5712.3;9607.7;6564.3;6621.3;7071.4;6741.5;5508.4;5957.8;5937.9;5678.7;5599.4;7914.6;5743.0;7437.6;6355.1;6295.8;6099.4;5652.8;8683.3;7047.5;6943.6;7806.6;16144.2;8054.9;5439.8;13137.5;7642.6;13330.5;9824.1;3413.3;6262.2;4409.7;5416.8;4786.9;3732.9;5418.8;0.0;601.4;5407.3;7313.9;3894.0;3497.1;5874.1;8161.1;5224.7;15504.4;3297.6;6757.4;7376.4;16132.8;4776.1;4776.1;4776.1;4776.1;4776.1;4776.1;4776.1;4776.1
Pondok Ikan Bakar Bu Shintia;19681.4;19636.9;18592.4;16308.6;4929.7;4819.4;12382.6;12103.6;11225.0;22246.3;6734.6;7831.4;3627.4;6512.4;7731.4;6528.9;4376.9;8695.5;5628.9;13493.6;10110.9;19459.6;9952.3;9831.0;5707.1;5675.8;4057.8;21905.0;21765.3;1733.1;8799.6;1392.2;4246.0;1097.2;916.4;1433.8;470.7;1987.4;6183.0;16527.8;3647.4;24333.7;4330.1;4868.8;4476.6;6963.0;5381.1;5435.6;4084.7;4741.2;4576.7;4324.6;19000.1;34664.4;8699.3;6218.1;10113.5;7070.1;7127.1;7577.2;7247.3;6014.2;6463.6;6443.7;6184.5;6105.1;8420.3;6248.8;7943.4;6860.9;6801.6;6605.2;6158.6;9189.0;7553.3;7449.4;8312.4;16650.0;8560.7;5945.6;13643.3;8148.3;13836.3;10329.9;3919.1;6768.0;4915.4;5922.6;5292.6;4238.7;5924.6;601.4;0.0;5913.1;7819.6;4399.8;4002.8;6379.9;8666.9;5730.5;16010.1;3803.4;7263.1;7882.2;15531.4;5281.9;5281.9;5281.9;5281.9;5281.9;5281.9;5281.9;5281.9
Kalahari resto & cafe;25597.0;25552.5;24508.0;22224.3;1956.3;1792.2;18298.3;18019.2;17140.6;16555.7;12650.2;5971.6;2321.3;12428.1;13647.1;12444.6;10292.6;3004.9;1517.3;19409.3;5999.4;25375.2;15867.9;15746.6;11622.8;11591.5;9973.4;17793.4;17653.7;7648.8;3109.1;7307.9;1667.1;7012.9;4999.3;4481.8;5444.9;4678.9;703.0;22443.5;2265.6;18643.1;3422.4;1140.6;1596.2;1194.2;1269.6;1324.1;3177.0;1171.8;1336.4;3102.8;24915.7;40580.0;4587.7;1397.3;6001.9;1822.4;1765.4;1393.4;1916.3;1902.6;2352.0;2332.1;726.0;1993.6;2729.8;2137.2;3831.8;2749.3;2172.9;2122.8;727.4;3498.5;1329.7;1433.7;4200.8;10466.3;4449.1;1124.7;7952.8;2457.8;8145.7;4146.2;1994.0;1161.8;997.6;1811.0;4385.0;1674.4;1813.0;5409.9;5915.7;0.0;1635.9;1513.3;3095.2;506.2;4555.3;1618.9;10319.6;2109.7;1932.2;3770.6;21447.1;1170.3;1170.3;1170.3;1170.3;1170.3;1170.3;1170.3;1170.3
Serba Sambal Logandeng;26767.0;26722.5;25678.0;23394.3;3126.3;2962.1;19468.2;19189.2;18310.6;15492.3;13820.2;7213.3;3491.3;13598.0;14817.1;13614.5;11462.5;1941.5;1454.1;20579.2;5787.6;26545.2;17037.9;16916.6;12792.8;12761.4;11143.4;16750.8;16611.2;8818.7;2045.7;8477.8;2837.1;8182.9;6169.3;5651.8;6614.9;5848.9;1559.2;23613.5;3435.6;17579.7;4592.4;3117.0;3133.8;1073.3;2088.8;2143.3;4347.0;2341.8;2506.3;4272.8;26085.7;41750.0;4376.0;1490.0;5790.1;759.0;701.9;242.5;852.9;1690.8;2140.3;1501.9;1560.7;1781.8;1666.4;1597.5;2789.3;1466.9;1109.5;1059.4;1534.8;2435.1;306.2;370.3;3158.3;8830.3;4237.3;1217.4;6889.3;1394.3;7082.3;2510.3;3164.0;474.1;2167.6;1616.5;5554.9;2844.3;1614.5;6579.9;7085.6;1635.9;0.0;2683.3;4265.2;1756.1;4343.5;1905.8;9256.2;3279.6;868.7;3558.8;22617.1;1807.9;1807.9;1807.9;1807.9;1807.9;1807.9;1807.9;1807.9
MIE AYAM DAN BAKSO BAROKAH;24083.7;24039.2;22994.7;20711.0;529.9;690.2;16785.0;16505.9;15627.3;17846.5;11136.9;8432.1;808.0;10914.8;12133.8;10931.2;8779.3;4295.7;1229.2;17896.0;5711.2;23861.9;14354.6;14233.3;10109.5;10078.2;8460.1;17505.2;17365.5;6135.4;4399.9;5794.6;153.8;5499.6;3486.0;2968.5;3931.6;3165.6;1783.2;20930.2;752.3;19933.9;1909.1;1658.8;1242.3;2563.2;981.4;1035.9;1663.7;341.5;176.9;1589.5;23402.4;39066.7;4299.5;1818.3;5713.7;2670.3;2727.3;3177.4;2847.5;1614.4;2063.8;2043.9;1784.7;1705.4;4020.6;1849.0;3543.6;2461.1;2401.8;2205.4;1758.8;4789.3;3153.6;3049.6;3912.6;12250.2;4160.9;1545.8;9243.6;3748.6;9436.5;5930.1;480.7;2368.2;515.7;1522.8;2871.7;161.1;1524.8;3896.6;4402.4;1513.3;3419.9;0.0;1581.9;1980.1;4267.1;1330.7;11610.4;596.3;2863.4;3482.4;19933.8;882.1;882.1;882.1;882.1;882.1;882.1;882.1;882.1
KEDAI SANGKARA;23684.2;23639.7;22595.2;20311.5;2092.1;1981.8;16385.5;16106.4;15227.8;19408.6;10737.4;6850.2;789.8;10515.2;11734.3;10531.7;5438.0;5857.8;2791.3;17496.4;7273.3;23462.4;13955.1;13833.8;9710.0;9678.6;8060.6;19067.3;18927.7;5735.9;5962.0;5395.1;1408.3;5100.1;3086.5;2569.0;3532.1;2766.1;3345.3;20530.7;809.8;21496.0;327.2;2031.1;1638.9;4125.3;2543.5;2598.0;81.8;1903.6;1739.1;1486.9;23002.9;38667.2;5861.7;3380.4;7275.8;4232.4;4289.5;4739.5;4409.6;3176.5;3626.0;3606.0;3346.8;3267.5;5582.7;3411.2;5105.7;4023.2;3963.9;3767.5;3321.0;6351.4;4715.7;4611.7;5474.8;13812.3;5723.0;3107.9;10805.7;5310.7;10998.6;7492.2;1081.4;3930.3;2077.8;3085.0;1289.8;1401.1;3087.0;3497.1;4002.8;3075.4;4982.0;1562.1;0.0;3542.2;5829.2;2892.8;13172.5;965.8;4425.5;5044.5;19534.3;2444.3;2444.3;2444.3;2444.3;2444.3;2444.3;2444.3;2444.3
SEL SEL Gunungkidul;26063.8;26019.3;24974.8;22691.1;2423.1;2258.9;18765.1;18486.0;17607.4;16451.1;13117.0;6083.6;2788.1;12894.9;14113.9;12911.3;10759.3;2900.3;750.9;19876.1;5188.7;25842.0;16334.7;16213.4;12089.6;12058.3;10440.2;16982.8;16843.1;8115.5;3004.4;7774.7;2133.9;7479.7;5466.1;4948.6;5911.7;5145.7;196.9;22910.3;2732.4;18538.5;3889.2;1502.5;2430.6;1089.6;1385.6;1440.1;3643.8;1638.6;1803.2;3569.6;25382.5;41046.8;3777.1;891.1;5191.3;1717.8;1660.7;1288.8;937.2;1092.0;1541.4;1521.5;219.8;1182.9;2625.1;1326.6;3021.2;1938.6;1381.3;1278.2;221.3;3393.8;1225.1;1329.0;3390.2;10361.6;3638.5;618.6;7848.1;2353.1;8041.1;4041.5;2460.8;1057.2;1464.4;913.3;4851.8;2141.1;911.3;5876.7;6382.5;506.2;1531.3;1980.1;3562.0;0.0;3744.6;1306.9;10214.9;2576.4;953.1;2959.9;21913.9;1104.8;1104.8;1104.8;1104.8;1104.8;1104.8;1104.8;1104.8
JELLY POTTER PIYAMAN;28350.8;28306.3;27261.8;24978.1;2469.5;2478.7;21052.1;20773.0;19894.4;18953.5;15404.0;12699.2;5075.1;15181.8;16400.9;15198.3;13046.3;5402.8;3431.4;16244.0;2024.6;28129.0;12090.3;12171.4;8457.5;8426.1;5839.5;18612.2;18472.6;10402.5;5506.9;10061.7;4420.9;9766.7;7753.1;7235.6;8198.7;7432.7;3536.5;25197.3;5019.4;21041.0;6176.2;4700.8;4717.6;4567.0;3285.7;3392.0;5930.8;3925.6;4090.1;1879.0;27669.5;43333.8;32.5;3037.0;2027.2;3777.3;3834.4;4284.4;3954.6;2652.7;2203.2;3151.0;3538.0;2589.3;5127.6;2956.1;4650.7;3568.1;3508.9;3598.3;3512.1;5896.3;4260.6;4156.6;5019.7;13357.2;474.4;3114.8;10350.6;4855.6;10543.5;7037.2;4747.8;4428.5;3751.4;2964.6;7138.8;4428.1;2966.6;8163.7;8669.5;4239.5;4526.9;4267.1;5849.0;3733.3;0.0;2936.4;12717.4;4863.4;3970.4;840.1;24200.9;3573.4;3573.4;3573.4;3573.4;3573.4;3573.4;3573.4;3573.4
Run&Run Signature Drink Gunungkidul;25414.4;25369.9;24325.4;22041.7;1773.7;1609.5;18115.7;17836.6;16958.0;16515.8;12467.6;9762.8;2138.7;12245.5;13464.5;12261.9;10109.9;2965.0;984.0;19226.7;4380.5;25192.6;15685.3;15564.0;11440.2;11408.8;9790.8;16174.5;16034.8;7466.1;3069.2;7125.3;1484.5;6830.3;4816.7;4299.2;5262.3;4496.3;1098.7;22260.9;2083.0;18603.2;3239.8;1764.4;1781.2;2129.3;349.3;455.6;2994.4;989.2;1153.7;2920.2;24733.1;40397.4;2968.9;599.3;4383.0;1339.6;1396.7;1846.7;1516.8;283.7;733.1;713.2;1100.2;374.7;2689.9;518.4;2212.9;1130.4;1071.1;1160.5;1074.4;3458.6;1822.9;1718.9;2581.9;10919.5;2830.2;677.0;7912.9;2417.9;8105.8;4599.4;1811.4;1990.8;815.0;192.1;4202.4;1491.7;194.1;5227.3;5733.1;1618.9;2089.2;1330.7;2912.6;1295.6;2936.4;0.0;10279.7;1927.0;1532.7;2151.7;21264.5;637.0;637.0;637.0;637.0;637.0;637.0;637.0;637.0
Aruna Hotel;34947.9;34903.4;33858.9;31575.2;11307.2;11143.0;27649.1;27370.1;26491.5;6236.1;22001.1;16020.5;11672.2;21778.9;22998.0;21795.4;19643.4;7314.4;9635.0;28760.1;13968.5;34726.1;25218.8;25097.5;20973.7;20942.3;19324.3;15399.7;15260.0;16999.6;7210.3;16658.7;11018.0;16363.8;14350.2;13832.7;14795.8;14029.8;9740.1;31794.4;11616.5;8323.6;12773.3;11297.9;11314.7;10338.3;10269.7;10324.2;12527.9;10522.7;10687.2;12453.7;34266.6;49930.9;12556.9;9670.9;13971.0;8939.9;8882.8;9022.5;9033.8;9871.7;10321.2;9682.8;9741.6;9962.7;7776.3;9778.4;10970.2;9647.8;9290.4;9240.3;9715.7;6820.9;8998.7;8894.8;8607.4;18095.4;12418.2;9398.3;2635.9;7861.6;2173.9;11775.3;11344.9;9166.6;10348.5;9797.4;13735.8;11025.2;9795.4;14760.8;15266.5;10443.1;9265.0;10864.2;12446.1;9937.0;12524.4;10086.7;0.0;11460.5;9049.6;11739.7;30798.0;9988.9;9988.9;9988.9;9988.9;9988.9;9988.9;9988.9;9988.9
LESEHAN GELAGAH SARI;23487.4;23442.9;22398.4;20114.6;1126.3;1016.0;16188.6;15909.6;15031.0;18442.9;10540.6;7835.7;211.6;10318.4;11537.5;10334.9;8182.9;4892.1;1825.5;17299.6;6307.5;23265.6;13758.3;13637.0;9513.2;9481.8;7863.8;18101.6;17961.9;5539.1;4996.2;5198.2;442.6;4903.2;2889.6;2372.2;3335.3;2569.3;2379.6;20333.9;156.0;20530.3;1312.7;1338.7;946.5;3159.6;1577.7;1632.2;1067.3;937.8;773.3;993.2;22806.1;38470.4;4895.9;2414.7;6310.1;3266.6;3323.7;3773.7;3443.9;2210.8;2660.2;2640.3;2381.1;2301.7;4616.9;2445.4;4140.0;3057.4;2998.2;2801.8;2355.2;5385.6;3749.9;3646.0;4509.0;12846.6;4757.3;2142.1;9839.9;4344.9;10032.9;6526.5;115.7;2964.6;1112.0;2119.2;2275.3;435.3;2121.2;3300.2;3806.0;2109.7;4016.2;596.3;985.5;2576.4;4863.4;1927.0;12206.7;0.0;3459.7;4078.7;19337.4;1478.5;1478.5;1478.5;1478.5;1478.5;1478.5;1478.5;1478.5
Serba Es SS;25898.3;25853.8;24809.3;22525.5;2257.5;2093.4;18599.5;18320.5;17441.9;15772.7;12951.5;6970.9;2622.5;12729.3;13948.4;12745.8;10593.8;2221.9;585.4;19710.5;4918.8;25676.5;16169.2;16047.9;11924.1;11892.7;10274.7;16712.9;16573.2;7950.0;2326.0;7609.1;1968.3;7314.1;5300.5;4783.1;5746.2;4980.1;690.5;22744.7;2566.9;17860.1;3723.6;2248.2;2265.1;1721.0;1220.0;1274.6;3478.2;1473.1;1637.6;3404.1;25217.0;40881.3;3507.2;621.2;4921.4;596.4;653.5;808.0;466.0;822.1;1271.5;1251.6;692.0;913.1;1946.7;1056.7;2751.3;1668.8;848.9;571.5;666.1;2715.4;744.3;848.3;3120.3;9880.8;3368.6;348.7;7169.7;1674.7;7362.7;3560.7;2295.2;576.4;1298.9;747.8;4686.2;1975.6;745.8;5711.1;6216.9;1393.5;1050.5;1814.5;3396.4;887.3;3474.8;1037.1;9536.5;2410.9;0.0;2690.1;21748.3;939.2;939.2;939.2;939.2;939.2;939.2;939.2;939.2
Limas nDe_Piss;27566.1;27521.6;26477.1;24193.4;3925.4;3761.2;20267.4;19988.3;19109.7;18168.8;14619.3;11914.5;4290.4;14397.1;15616.2;14413.6;12261.6;4618.1;2646.7;16503.5;2284.1;27344.3;12349.8;17715.7;8717.0;8685.7;6099.0;17827.5;17687.9;9617.8;4722.2;9277.0;3636.2;8982.0;6968.4;6450.9;7414.0;6648.0;2751.8;24412.6;4234.7;20256.3;5391.5;3916.1;3932.9;3782.3;2501.0;2607.3;5146.1;3140.9;3305.4;2719.1;26884.8;42549.1;872.5;2252.3;2286.7;2992.6;3049.7;3499.7;3169.9;1868.0;1418.5;2366.3;2753.3;1804.6;4342.9;2171.4;3866.0;2783.4;2724.2;2813.6;2727.4;5111.6;3475.9;3371.9;4235.0;12572.5;733.9;2330.1;9565.9;4070.9;9758.8;6252.5;3963.1;3643.8;2966.7;2179.9;6354.1;3643.4;2181.9;7379.0;7884.8;3454.8;3742.2;3482.4;5064.3;2948.6;840.1;2151.7;11932.7;4078.7;3185.7;0.0;23416.2;2788.7;2788.7;2788.7;2788.7;2788.7;2788.7;2788.7;2788.7
HeHa Sky View;5214.0;5169.5;4125.0;1841.2;20457.6;20347.3;3148.8;3427.8;6275.4;37774.2;8796.9;20810.1;19155.3;9019.0;10465.8;9263.2;17355.6;24223.4;21156.8;18658.8;20011.7;4992.1;12686.6;12565.3;17846.2;17814.9;16196.8;37432.9;37293.2;13794.8;24327.5;14135.7;19773.9;14430.7;16444.3;16961.7;15998.6;17515.3;21710.9;996.4;19175.3;39861.6;19857.9;20396.6;20004.5;22490.9;20909.0;20963.5;19612.5;20269.1;20104.6;19852.4;4532.7;20197.0;24227.2;21746.0;20009.2;22597.9;22655.0;23105.0;22775.2;21542.0;21991.5;21971.6;21712.4;21633.0;23948.2;21776.7;23471.3;22388.7;22329.5;22133.1;21686.5;24716.9;23081.2;22977.3;23840.3;32177.9;24088.6;21473.4;29171.2;23676.2;29364.2;25857.8;19447.0;22295.9;20443.3;21450.5;19376.2;19766.6;21452.5;16129.3;15527.9;21441.0;23347.5;19927.6;19530.7;21907.7;24194.7;21258.3;31538.0;19331.3;22791.0;23410.0;0.0;20809.8;20809.8;20809.8;20809.8;20809.8;20809.8;20809.8;20809.8
DEPOT NASIONAL;24965.9;24921.4;23876.9;21593.1;1325.1;1161.0;17667.1;17388.1;16509.5;17152.8;12019.1;9314.2;1690.1;11796.9;13015.9;11813.4;9661.4;3602.0;353.8;18778.1;5017.4;24744.1;15236.8;15115.5;10991.7;10960.3;9342.3;16811.5;16671.8;7017.6;3706.2;6676.7;1035.9;6381.7;4368.1;3850.7;4813.8;4047.7;907.9;21812.3;1634.5;19240.2;2791.2;1315.8;1332.7;1938.5;287.6;342.1;2545.8;540.7;705.2;2471.7;24284.6;39948.9;3605.8;943.0;5020.0;1976.6;2033.6;2483.7;2153.8;920.7;1370.1;1350.2;909.4;1011.6;3326.9;1155.3;2849.9;1767.4;1708.1;1330.1;883.5;4095.6;2459.8;2355.9;3218.9;11556.5;3467.2;670.5;8549.8;3054.8;8742.8;5236.4;1362.8;1492.9;366.5;829.1;3753.8;1043.2;831.1;4778.7;5284.5;1170.3;2726.1;882.1;2464.0;1104.8;3573.4;637.0;10916.6;1478.5;2169.6;2788.7;20815.9;0.0;0.0;0.0;0.0;0.0;0.0;0.0;0.0
9 DEPOT MAMAN;24965.9;24921.4;23876.9;21593.1;1325.1;1161.0;17667.1;17388.1;16509.5;17152.8;12019.1;9314.2;1690.1;11796.9;13015.9;11813.4;9661.4;3602.0;353.8;18778.1;5017.4;24744.1;15236.8;15115.5;10991.7;10960.3;9342.3;16811.5;16671.8;7017.6;3706.2;6676.7;1035.9;6381.7;4368.1;3850.7;4813.8;4047.7;907.9;21812.3;1634.5;19240.2;2791.2;1315.8;1332.7;1938.5;287.6;342.1;2545.8;540.7;705.2;2471.7;24284.6;39948.9;3605.8;943.0;5020.0;1976.6;2033.6;2483.7;2153.8;920.7;1370.1;1350.2;909.4;1011.6;3326.9;1155.3;2849.9;1767.4;1708.1;1330.1;883.5;4095.6;2459.8;2355.9;3218.9;11556.5;3467.2;670.5;8549.8;3054.8;8742.8;5236.4;1362.8;1492.9;366.5;829.1;3753.8;1043.2;831.1;4778.7;5284.5;1170.3;2726.1;882.1;2464.0;1104.8;3573.4;637.0;10916.6;1478.5;2169.6;2788.7;20815.9;0.0;0.0;0.0;0.0;0.0;0.0;0.0;0.0
9 DEPOT BENING;24965.9;24921.4;23876.9;21593.1;1325.1;1161.0;17667.1;17388.1;16509.5;17152.8;12019.1;9314.2;1690.1;11796.9;13015.9;11813.4;9661.4;3602.0;353.8;18778.1;5017.4;24744.1;15236.8;15115.5;10991.7;10960.3;9342.3;16811.5;16671.8;7017.6;3706.2;6676.7;1035.9;6381.7;4368.1;3850.7;4813.8;4047.7;907.9;21812.3;1634.5;19240.2;2791.2;1315.8;1332.7;1938.5;287.6;342.1;2545.8;540.7;705.2;2471.7;24284.6;39948.9;3605.8;943.0;5020.0;1976.6;2033.6;2483.7;2153.8;920.7;1370.1;1350.2;909.4;1011.6;3326.9;1155.3;2849.9;1767.4;1708.1;1330.1;883.5;4095.6;2459.8;2355.9;3218.9;11556.5;3467.2;670.5;8549.8;3054.8;8742.8;5236.4;1362.8;1492.9;366.5;829.1;3753.8;1043.2;831.1;4778.7;5284.5;1170.3;2726.1;882.1;2464.0;1104.8;3573.4;637.0;10916.6;1478.5;2169.6;2788.7;20815.9;0.0;0.0;0.0;0.0;0.0;0.0;0.0;0.0
9 DEPOT DANURI;24965.9;24921.4;23876.9;21593.1;1325.1;1161.0;17667.1;17388.1;16509.5;17152.8;12019.1;9314.2;1690.1;11796.9;13015.9;11813.4;9661.4;3602.0;353.8;18778.1;5017.4;24744.1;15236.8;15115.5;10991.7;10960.3;9342.3;16811.5;16671.8;7017.6;3706.2;6676.7;1035.9;6381.7;4368.1;3850.7;4813.8;4047.7;907.9;21812.3;1634.5;19240.2;2791.2;1315.8;1332.7;1938.5;287.6;342.1;2545.8;540.7;705.2;2471.7;24284.6;39948.9;3605.8;943.0;5020.0;1976.6;2033.6;2483.7;2153.8;920.7;1370.1;1350.2;909.4;1011.6;3326.9;1155.3;2849.9;1767.4;1708.1;1330.1;883.5;4095.6;2459.8;2355.9;3218.9;11556.5;3467.2;670.5;8549.8;3054.8;8742.8;5236.4;1362.8;1492.9;366.5;829.1;3753.8;1043.2;831.1;4778.7;5284.5;1170.3;2726.1;882.1;2464.0;1104.8;3573.4;637.0;10916.6;1478.5;2169.6;2788.7;20815.9;0.0;0.0;0.0;0.0;0.0;0.0;0.0;0.0
9 DEPOT CANDRA;24965.9;24921.4;23876.9;21593.1;1325.1;1161.0;17667.1;17388.1;16509.5;17152.8;12019.1;9314.2;1690.1;11796.9;13015.9;11813.4;9661.4;3602.0;353.8;18778.1;5017.4;24744.1;15236.8;15115.5;10991.7;10960.3;9342.3;16811.5;16671.8;7017.6;3706.2;6676.7;1035.9;6381.7;4368.1;3850.7;4813.8;4047.7;907.9;21812.3;1634.5;19240.2;2791.2;1315.8;1332.7;1938.5;287.6;342.1;2545.8;540.7;705.2;2471.7;24284.6;39948.9;3605.8;943.0;5020.0;1976.6;2033.6;2483.7;2153.8;920.7;1370.1;1350.2;909.4;1011.6;3326.9;1155.3;2849.9;1767.4;1708.1;1330.1;883.5;4095.6;2459.8;2355.9;3218.9;11556.5;3467.2;670.5;8549.8;3054.8;8742.8;5236.4;1362.8;1492.9;366.5;829.1;3753.8;1043.2;831.1;4778.7;5284.5;1170.3;2726.1;882.1;2464.0;1104.8;3573.4;637.0;10916.6;1478.5;2169.6;2788.7;20815.9;0.0;0.0;0.0;0.0;0.0;0.0;0.0;0.0
9 CITRA AGUS SALIM WONOSARI;24965.9;24921.4;23876.9;21593.1;1325.1;1161.0;17667.1;17388.1;16509.5;17152.8;12019.1;9314.2;1690.1;11796.9;13015.9;11813.4;9661.4;3602.0;353.8;18778.1;5017.4;24744.1;15236.8;15115.5;10991.7;10960.3;9342.3;16811.5;16671.8;7017.6;3706.2;6676.7;1035.9;6381.7;4368.1;3850.7;4813.8;4047.7;907.9;21812.3;1634.5;19240.2;2791.2;1315.8;1332.7;1938.5;287.6;342.1;2545.8;540.7;705.2;2471.7;24284.6;39948.9;3605.8;943.0;5020.0;1976.6;2033.6;2483.7;2153.8;920.7;1370.1;1350.2;909.4;1011.6;3326.9;1155.3;2849.9;1767.4;1708.1;1330.1;883.5;4095.6;2459.8;2355.9;3218.9;11556.5;3467.2;670.5;8549.8;3054.8;8742.8;5236.4;1362.8;1492.9;366.5;829.1;3753.8;1043.2;831.1;4778.7;5284.5;1170.3;2726.1;882.1;2464.0;1104.8;3573.4;637.0;10916.6;1478.5;2169.6;2788.7;20815.9;0.0;0.0;0.0;0.0;0.0;0.0;0.0;0.0
9 CITRA WONOSARI;24965.9;24921.4;23876.9;21593.1;1325.1;1161.0;17667.1;17388.1;16509.5;17152.8;12019.1;9314.2;1690.1;11796.9;13015.9;11813.4;9661.4;3602.0;353.8;18778.1;5017.4;24744.1;15236.8;15115.5;10991.7;10960.3;9342.3;16811.5;16671.8;7017.6;3706.2;6676.7;1035.9;6381.7;4368.1;3850.7;4813.8;4047.7;907.9;21812.3;1634.5;19240.2;2791.2;1315.8;1332.7;1938.5;287.6;342.1;2545.8;540.7;705.2;2471.7;24284.6;39948.9;3605.8;943.0;5020.0;1976.6;2033.6;2483.7;2153.8;920.7;1370.1;1350.2;909.4;1011.6;3326.9;1155.3;2849.9;1767.4;1708.1;1330.1;883.5;4095.6;2459.8;2355.9;3218.9;11556.5;3467.2;670.5;8549.8;3054.8;8742.8;5236.4;1362.8;1492.9;366.5;829.1;3753.8;1043.2;831.1;4778.7;5284.5;1170.3;2726.1;882.1;2464.0;1104.8;3573.4;637.0;10916.6;1478.5;2169.6;2788.7;20815.9;0.0;0.0;0.0;0.0;0.0;0.0;0.0;0.0
9 CITRA ALFA AGUS SALIM WONOSARI;24965.9;24921.4;23876.9;21593.1;1325.1;1161.0;17667.1;17388.1;16509.5;17152.8;12019.1;9314.2;1690.1;11796.9;13015.9;11813.4;9661.4;3602.0;353.8;18778.1;5017.4;24744.1;15236.8;15115.5;10991.7;10960.3;9342.3;16811.5;16671.8;7017.6;3706.2;6676.7;1035.9;6381.7;4368.1;3850.7;4813.8;4047.7;907.9;21812.3;1634.5;19240.2;2791.2;1315.8;1332.7;1938.5;287.6;342.1;2545.8;540.7;705.2;2471.7;24284.6;39948.9;3605.8;943.0;5020.0;1976.6;2033.6;2483.7;2153.8;920.7;1370.1;1350.2;909.4;1011.6;3326.9;1155.3;2849.9;1767.4;1708.1;1330.1;883.5;4095.6;2459.8;2355.9;3218.9;11556.5;3467.2;670.5;8549.8;3054.8;8742.8;5236.4;1362.8;1492.9;366.5;829.1;3753.8;1043.2;831.1;4778.7;5284.5;1170.3;2726.1;882.1;2464.0;1104.8;3573.4;637.0;10916.6;1478.5;2169.6;2788.7;20815.9;0.0;0.0;0.0;0.0;0.0;0.0;0.0;0.0
